timestamp,compute_nodes,eks_control_plane,nat_gateway_gb,network_transfer_gb,network_transfer_gb,storage_gb,instance_count,operational_energy_wh,carbon_s2_operational_g
2026-02-01 00:00:00,13.0,1.0,2.8369389203999997,13.3670865765,28.5038803477,0.6636904764,13,16.900000000000002,6.664008000000001
2026-02-01 01:00:00,13.0,1.0,2.7432922180999997,13.1345183477,29.504765784,0.6636904764,13,16.900000000000002,6.664008000000001
2026-02-01 02:00:00,13.0,1.0,2.7529438483,13.5346979657,28.487766129,0.6636904764,13,16.900000000000002,6.664008000000001
2026-02-01 03:00:00,13.0,1.0,2.7380740381999997,14.1845647902,28.4961751976,0.6636904764,13,16.900000000000002,6.664008000000001
2026-02-01 04:00:00,13.0,1.0,2.7329170545999997,13.498042193,28.5210285291,0.6636904764,13,16.900000000000002,6.664008000000001
2026-02-01 05:00:00,13.0,1.0,2.7361741923,13.1667656367,28.4926315396,0.6636904764,13,16.900000000000002,6.664008000000001
2026-02-01 06:00:00,13.0,1.0,2.7139492426,13.1640776742,28.478739956,0.6636904764,13,16.900000000000002,6.664008000000001
2026-02-01 07:00:00,13.0,1.0,2.7492515836,13.692458386,28.5186899137,0.6636904764,13,16.900000000000002,6.664008000000001
2026-02-01 08:00:00,13.0,1.0,2.7272953596000002,13.3862134771,28.5078689448,0.6636904764,13,16.900000000000002,6.664008000000001
2026-02-01 09:00:00,13.0,1.0,2.7536142096000003,13.8076045302,28.5284833373,0.6636904764,13,16.900000000000002,6.664008000000001
2026-02-01 10:00:00,13.0,1.0,2.7406228622,13.4781343331,28.5341890999,0.6636904764,13,16.900000000000002,6.664008000000001
2026-02-01 11:00:00,13.0,1.0,2.7416722123,13.513219998,28.5016212532,0.6636904764,13,16.900000000000002,6.664008000000001
2026-02-01 12:00:00,13.0,1.0,2.7350722141999997,14.1755959068,28.517368735999998,0.6636904764,13,16.900000000000002,6.664008000000001
2026-02-01 13:00:00,13.0,1.0,2.7167267930000003,13.6339128501,28.4974209595,0.6636904764,13,16.900000000000002,6.664008000000001
2026-02-01 14:00:00,13.0,1.0,2.7379217884,13.9156705903,29.5154270716,0.6636904764,13,16.900000000000002,6.664008000000001
2026-02-01 15:00:00,13.0,1.0,2.7193674883,13.6677368676,28.4975491421,0.6636904764,13,16.900000000000002,6.664008000000001
2026-02-01 16:00:00,13.0,1.0,2.7526125954,13.3786760415,28.5122966912,0.6636904764,13,16.900000000000002,6.664008000000001
2026-02-01 17:00:00,13.0,1.0,2.7387040872,13.9803357285,28.5073772101,0.6636904764,13,16.900000000000002,6.664008000000001
2026-02-01 18:00:00,13.0,1.0,2.7394371489,13.0201342972,28.4904156728,0.6636904764,13,16.900000000000002,6.664008000000001
2026-02-01 19:00:00,13.0,1.0,2.7321273368,13.177588975099999,28.4916001207,0.6636904764,13,16.900000000000002,6.664008000000001
2026-02-01 20:00:00,13.0,1.0,2.7338072183,13.4273350786,29.4979421102,0.6636904764,13,16.900000000000002,6.664008000000001
2026-02-01 21:00:00,13.0,1.0,2.7540916689,13.6097792144,28.5061105102,0.6636904764,13,16.900000000000002,6.664008000000001
2026-02-01 22:00:00,13.0,1.0,2.7351560276,13.3865936068,28.5166696463,0.6636904764,13,16.900000000000002,6.664008000000001
2026-02-01 23:00:00,13.0,1.0,2.7314735716,13.3314319367,29.502032769,0.6636904764,13,16.900000000000002,6.664008000000001
2026-02-02 00:00:00,13.0,1.0,2.8370096898,13.4213386357,28.4906704324,0.6636904764,13,16.900000000000002,6.664008000000001
2026-02-02 01:00:00,13.0,1.0,2.7342085866000003,13.5050539003,29.5113201356,0.6636904764,13,16.900000000000002,6.664008000000001
2026-02-02 02:00:00,13.0,1.0,2.7678651791,14.2949230851,28.5151821052,0.6636904764,13,16.900000000000002,6.664008000000001
2026-02-02 03:00:00,13.0,1.0,2.7521556177999997,14.3176774311,28.5229974511,0.6636904764,13,16.900000000000002,6.664008000000001
2026-02-02 04:00:00,13.0,1.0,2.7206933666,13.088979004,28.4919496744,0.6636904764,13,16.900000000000002,6.664008000000001
2026-02-02 05:00:00,13.0,1.0,2.7499895897,14.2775597573,28.509479613499998,0.6636904764,13,16.900000000000002,6.664008000000001
2026-02-02 06:00:00,13.0,1.0,2.7184367487000003,13.1933427577,28.4873634784,0.6636904764,13,16.900000000000002,6.664008000000001
2026-02-02 07:00:00,13.0,1.0,2.7096425416,12.767393078,28.4917810562,0.6636904764,13,16.900000000000002,6.664008000000001
2026-02-02 08:00:00,13.0,1.0,2.7300015381,13.6695342032,28.5075969168,0.6636904764,13,16.900000000000002,6.664008000000001
2026-02-02 09:00:00,13.0,1.0,2.7142683817,12.7463872483,28.5220734556,0.6636904764,13,16.900000000000002,6.664008000000001
2026-02-02 10:00:00,13.0,1.0,2.7321193116,14.0018572976,28.5999509816,0.6636904764,13,16.900000000000002,6.664008000000001
2026-02-02 11:00:00,13.0,1.0,2.7176190587,13.9256323989,28.5304841148,0.6636904764,13,16.900000000000002,6.664008000000001
2026-02-02 12:00:00,13.0,1.0,2.7184226327000003,12.7357501975,28.4634625182,0.6636904764,13,16.900000000000002,6.664008000000001
2026-02-02 13:00:00,13.0,1.0,2.7336071394,12.9250205608,28.113095882,0.6625963131,13,16.900000000000002,6.664008000000001
2026-02-02 14:00:00,13.0,1.0,2.3941016542,11.6106453599,26.2660963717,0.6622023812,13,16.900000000000002,6.664008000000001
2026-02-02 15:00:00,13.0,1.0,2.3721191389,11.2872346303,25.187769392899998,0.6622023812,13,16.900000000000002,6.664008000000001
2026-02-02 16:00:00,13.0,1.0,2.4375319638999997,12.5739935185,25.6824043713,0.6622023812,13,16.900000000000002,6.664008000000001
2026-02-02 17:00:00,13.0,1.0,2.412447216,12.1385310969,24.295556460900002,0.6622023812,13,16.900000000000002,6.664008000000001
2026-02-02 18:00:00,13.0,1.0,2.3682146790000003,12.375519332,24.0624765364,0.6622023812,13,16.900000000000002,6.664008000000001
2026-02-02 19:00:00,13.0,1.0,2.3879705872,11.8436913009,24.0652397642,0.6622023812,13,16.900000000000002,6.664008000000001
2026-02-02 20:00:00,13.0,1.0,2.3826915994,11.390356242900001,25.0783927971,0.6622023812,13,16.900000000000002,6.664008000000001
2026-02-02 21:00:00,13.0,1.0,2.3789642528,11.5322940838,24.0748682195,0.6622023812,13,16.900000000000002,6.664008000000001
2026-02-02 22:00:00,13.0,1.0,2.3767656814,11.619829088,24.0482293053,0.6622023812,13,16.900000000000002,6.664008000000001
2026-02-02 23:00:00,13.0,1.0,2.3931983598,11.3422799222,25.0704045796,0.6622023812,13,16.900000000000002,6.664008000000001
2026-02-03 00:00:00,13.0,1.0,2.4906871039,11.9727013115,24.0482486717,0.6622023812,13,16.900000000000002,6.664008000000001
2026-02-03 01:00:00,13.0,1.0,2.3912553955,12.1564088647,25.0571891449,0.6622023812,13,16.900000000000002,6.664008000000001
2026-02-03 02:00:00,13.0,1.0,2.41341828,12.8966852434,24.0718207564,0.6622023812,13,16.900000000000002,6.664008000000001
2026-02-03 03:00:00,13.0,1.0,2.3810989168,11.3019798946,24.0874414316,0.6622023812,13,16.900000000000002,6.664008000000001
2026-02-03 04:00:00,13.0,1.0,2.3700105809,11.8537421851,24.1207548488,0.6622023812,13,16.900000000000002,6.664008000000001
2026-02-03 05:00:00,13.0,1.0,2.3747359905,12.0935668887,24.1368680847,0.6622023812,13,16.900000000000002,6.664008000000001
2026-02-03 06:00:00,13.0,1.0,2.3734020945000003,11.1997749793,24.1441560243,0.6622023812,13,16.900000000000002,6.664008000000001
2026-02-03 07:00:00,13.0,1.0,2.3639720780999998,11.6293878063,24.3655840542,0.6622023812,13,16.900000000000002,6.664008000000001
2026-02-03 08:00:00,13.0,1.0,2.7684739884000003,15.5076790312,27.2299702956,0.6636904764,13,16.900000000000002,6.664008000000001
2026-02-03 09:00:00,13.0,1.0,3.0636226889,14.6394951516,27.213249851900002,0.6455171134,13,16.900000000000002,6.664008000000001
2026-02-03 10:00:00,13.0,1.0,1.9990089843,10.5874349061,27.6678111038,0.6145833334999999,13,16.900000000000002,6.664008000000001
2026-02-03 11:00:00,13.0,1.0,2.0024808897,11.3059010173,26.8127929609,0.6145833334999999,13,16.900000000000002,6.664008000000001
2026-02-03 12:00:00,13.0,1.0,2.2055589231,12.233431254600001,27.0521291043,0.6145833334999999,13,16.900000000000002,6.664008000000001
2026-02-03 13:00:00,13.0,1.0,2.2029808089,11.8823080446,27.6761784033,0.6154670967,13,16.900000000000002,6.664008000000001
2026-02-03 14:00:00,13.0,1.0,2.1931623239,11.2318544262,29.0939135884,0.6145833334999999,13,16.900000000000002,6.664008000000001
2026-02-03 15:00:00,13.0,1.0,4.2560863262,15.542318250800001,27.1508717779,0.6140653937,13,16.900000000000002,6.664008000000001
2026-02-03 16:00:00,12.7125,1.0,4.1817904534,14.048644681899999,24.899978635300002,0.6130952383,13,16.900000000000002,6.664008000000001
2026-02-03 17:00:00,13.0,1.0,4.1266616872,12.9059842756,24.0958092466,0.6130952383,13,16.900000000000002,6.664008000000001
2026-02-03 18:00:00,13.0,1.0,4.1889707139,12.5765504429,23.903401269,0.6130952383,13,16.900000000000002,6.664008000000001
2026-02-03 19:00:00,13.0,1.0,4.0413148571,12.9793624545,24.0691341998,0.6130952383,13,16.900000000000002,6.664008000000001
2026-02-03 20:00:00,13.0,1.0,3.9565260308,12.6519283681,25.1654567371,0.6130952383,13,16.900000000000002,6.664008000000001
2026-02-03 21:00:00,13.0,1.0,4.1065657018,13.0124093958,24.2268858474,0.6130952383,13,16.900000000000002,6.664008000000001
2026-02-03 22:00:00,13.0,1.0,4.010671246799999,12.7029095786,24.0668364569,0.6130952383,13,16.900000000000002,6.664008000000001
2026-02-03 23:00:00,13.0,1.0,3.9354419615,12.259093054200001,25.0977476278,0.6130952383,13,16.900000000000002,6.664008000000001
2026-02-04 00:00:00,13.0,1.0,4.21171558,13.157988141499999,24.2345944064,0.6130952383,13,16.900000000000002,6.664008000000001
2026-02-04 01:00:00,13.0,1.0,4.0079666227,12.9366584283,25.0407380329,0.6130952383,13,16.900000000000002,6.664008000000001
2026-02-04 02:00:00,13.0,1.0,3.8583219396,12.6302696143,24.0069975316,0.6130952383,13,16.900000000000002,6.664008000000001
2026-02-04 03:00:00,13.0,1.0,4.0337646110000005,13.1684241294,24.1654042683,0.6130952383,13,16.900000000000002,6.664008000000001
2026-02-04 04:00:00,13.0,1.0,4.0264182156,13.2884397427,24.1103280718,0.6130952383,13,16.900000000000002,6.664008000000001
2026-02-04 05:00:00,13.0,1.0,4.0109044947,12.9864139629,24.2242897004,0.6130952383,13,16.900000000000002,6.664008000000001
2026-02-04 06:00:00,13.0,1.0,4.0266371081,13.0209761928,24.1087854869,0.6130952383,13,16.900000000000002,6.664008000000001
2026-02-04 07:00:00,13.0,1.0,4.001936479499999,12.8192707328,24.1153247326,0.6130952383,13,16.900000000000002,6.664008000000001
2026-02-04 08:00:00,13.0,1.0,4.1104636071,13.1291425603,24.1295713656,0.6130952383,13,16.900000000000002,6.664008000000001
2026-02-04 09:00:00,13.0,1.0,3.9389754664,12.5561580984,23.9209132647,0.6130952383,13,16.900000000000002,6.664008000000001
2026-02-04 10:00:00,13.0,1.0,7.5219762279,21.4979494927,25.1130986935,0.6145833334999999,13,16.900000000000002,6.664008000000001
2026-02-04 11:00:00,13.0,1.0,6.6140673636,19.0104917316,27.190345636,0.6160714287,13,16.900000000000002,6.664008000000001
2026-02-04 12:00:00,13.0,1.0,5.6105548963,13.9808996717,27.382141567,0.6160714287,13,16.900000000000002,6.664008000000001
2026-02-04 13:00:00,13.0,1.0,5.876464718,14.1580976787,27.1779529142,0.6154575895,13,16.900000000000002,6.664008000000001
2026-02-04 14:00:00,13.0,1.0,5.7207034267,13.2622942137,27.7798775562,0.615601852,13,16.900000000000002,6.664008000000001
2026-02-04 15:00:00,13.0,1.0,5.8721102225,15.5782716405,28.3096776214,0.6160714287,13,16.900000000000002,6.664008000000001
2026-02-04 16:00:00,13.0,1.0,5.7725898046,15.7138937715,27.8450244342,0.6167245372,13,16.900000000000002,6.664008000000001
2026-02-04 17:00:00,13.0,1.0,5.6716338908,13.3054712446,27.4119818807,0.6160714287,13,16.900000000000002,6.664008000000001
2026-02-04 18:00:00,13.0,1.0,5.5832398767,13.403542167,27.0804076676,0.6160714287,13,16.900000000000002,6.664008000000001
2026-02-04 19:00:00,13.0,1.0,5.6533507695,13.3241471857,26.2949730879,0.6160714287,13,16.900000000000002,6.664008000000001
2026-02-04 20:00:00,13.0,1.0,5.6458721412,12.9451842559,27.2773615144,0.6160714287,13,16.900000000000002,6.664008000000001
2026-02-04 21:00:00,13.0,1.0,5.6448799372,13.6753523599,26.305471233,0.6160714287,13,16.900000000000002,6.664008000000001
2026-02-04 22:00:00,13.0,1.0,5.6492414437,13.7064151495,26.253528737099998,0.6160714287,13,16.900000000000002,6.664008000000001
2026-02-04 23:00:00,13.0,1.0,5.659396898,13.3626109529,27.2698219317,0.6160714287,13,16.900000000000002,6.664008000000001
2026-02-05 00:00:00,13.0,1.0,5.7491620835,13.6086735884,26.2295886191,0.6160714287,13,16.900000000000002,6.664008000000001
2026-02-05 01:00:00,13.0,1.0,5.6395277036,13.9297826891,27.241336361000002,0.6160714287,13,16.900000000000002,6.664008000000001
2026-02-05 02:00:00,13.0,1.0,5.6809648275,13.9043017459,26.253503127,0.6160714287,13,16.900000000000002,6.664008000000001
2026-02-05 03:00:00,13.0,1.0,5.6258327104,13.1922265458,26.2250076973,0.6160714287,13,16.900000000000002,6.664008000000001
2026-02-05 04:00:00,13.0,1.0,5.6481591566,12.8069262666,26.2452648074,0.6160714287,13,16.900000000000002,6.664008000000001
2026-02-05 05:00:00,13.0,1.0,5.6391539304,12.9407500342,26.2683635178,0.6160714287,13,16.900000000000002,6.664008000000001
2026-02-05 06:00:00,13.0,1.0,5.6502891891,13.2707371324,26.3074097329,0.6160714287,13,16.900000000000002,6.664008000000001
2026-02-05 07:00:00,13.0,1.0,5.681514971,13.3111082137,26.3709266819,0.6160714287,13,16.900000000000002,6.664008000000001
2026-02-05 08:00:00,13.0,1.0,5.6717230789,13.9371056397,26.5346685711,0.6160714287,13,16.900000000000002,6.664008000000001
2026-02-05 09:00:00,13.0,1.0,5.6836227067,13.6183047887,26.4598124149,0.6160714287,13,16.900000000000002,6.664008000000001
2026-02-05 10:00:00,13.0,1.0,5.6793872993,14.5812958911,26.5328850194,0.6160714287,13,16.900000000000002,6.664008000000001
2026-02-05 11:00:00,13.0,1.0,5.6508599585,13.4623369966,26.3451213227,0.6160714287,13,16.900000000000002,6.664008000000001
2026-02-05 12:00:00,13.0,1.0,5.6956761358,14.1289443179,26.9759937198,0.6160714287,13,16.900000000000002,6.664008000000001
2026-02-05 13:00:00,13.0,1.0,5.6787693435,13.784708547,27.3081839569,0.6160577879,13,16.900000000000002,6.664008000000001
2026-02-05 14:00:00,13.0,1.0,5.5531901531,13.3093631414,25.3631914323,0.6144411378,13,16.900000000000002,6.664008000000001
2026-02-05 15:00:00,13.0,1.0,5.3439758336,12.4607437031,22.0524130358,0.6139327052,13,16.900000000000002,6.664008000000001
2026-02-05 16:00:00,13.0,1.0,5.4991986826,16.5799163047,25.6668782889,0.6128955855,13,16.900000000000002,6.664008000000001
2026-02-05 17:00:00,13.0,1.0,5.4476437019,14.0353831826,23.0580926687,0.6130952383,13,16.900000000000002,6.664008000000001
2026-02-05 18:00:00,13.0,1.0,5.3717710292,13.3292855055,23.058835325,0.6130952383,13,16.900000000000002,6.664008000000001
2026-02-05 19:00:00,13.0,1.0,5.3622926502,13.5902074513,23.0463376571,0.6130952383,13,16.900000000000002,6.664008000000001
2026-02-05 20:00:00,13.0,1.0,5.3392764851,12.7241641665,24.0565103415,0.6130952383,13,16.900000000000002,6.664008000000001
2026-02-05 21:00:00,13.0,1.0,5.3501807032,12.8119922903,23.0388342752,0.6130952383,13,16.900000000000002,6.664008000000001
2026-02-05 22:00:00,13.0,1.0,5.3501679394,13.5833465462,23.034641250900002,0.6130952383,13,16.900000000000002,6.664008000000001
2026-02-05 23:00:00,13.0,1.0,5.3616227414,13.4735825568,24.0537506041,0.6130952383,13,16.900000000000002,6.664008000000001
2026-02-06 00:00:00,13.0,1.0,5.4851404009,14.0529947159,23.0823973095,0.6130952383,13,16.900000000000002,6.664008000000001
2026-02-06 01:00:00,13.0,1.0,5.3652053466,13.6144883012,24.0511042312,0.6130952383,13,16.900000000000002,6.664008000000001
2026-02-06 02:00:00,13.0,1.0,5.377289542,13.277176047700001,23.0686067591,0.6130952383,13,16.900000000000002,6.664008000000001
2026-02-06 03:00:00,13.0,1.0,5.3563967664,13.0667702117,23.0571528012,0.6130952383,13,16.900000000000002,6.664008000000001
2026-02-06 04:00:00,13.0,1.0,5.3532815697,13.3823160825,23.0657908449,0.6130952383,13,16.900000000000002,6.664008000000001
2026-02-06 05:00:00,13.0,1.0,5.3560463348,13.3669292379,23.0783215955,0.6130952383,13,16.900000000000002,6.664008000000001
2026-02-06 06:00:00,13.0,1.0,5.3263747394,13.3757106277,23.0609349314,0.6130952383,13,16.900000000000002,6.664008000000001
2026-02-06 07:00:00,13.0,1.0,5.357760069,13.2075866302,23.0774587338,0.6130952383,13,16.900000000000002,6.664008000000001
2026-02-06 08:00:00,13.0,1.0,5.3689724794,13.4201119981,23.09059278,0.6130952383,13,16.900000000000002,6.664008000000001
2026-02-06 09:00:00,13.0,1.0,5.3422303889,13.133306348,23.0743947823,0.6130952383,13,16.900000000000002,6.664008000000001
2026-02-06 10:00:00,13.0,1.0,5.3600581782,12.9871506921,23.0725151576,0.6130952383,13,16.900000000000002,6.664008000000001
2026-02-06 11:00:00,13.0,1.0,5.3248296604,13.4124070941,23.0668263529,0.6130952383,13,16.900000000000002,6.664008000000001
2026-02-06 12:00:00,13.0,1.0,5.3572803009,13.034640917,23.0743216661,0.6130952383,13,16.900000000000002,6.664008000000001
2026-02-06 13:00:00,13.0,1.0,5.4656598326,14.8787510506,24.9967218991,0.6136789023,13,16.900000000000002,6.664008000000001
2026-02-06 14:00:00,13.0,1.0,5.5750630572,16.1972167853,27.0578317917,0.6145833334999999,13,16.900000000000002,6.664008000000001
2026-02-06 15:00:00,13.0,1.0,5.4109705202,14.1332208228,25.3522833138,0.6133358137,13,16.900000000000002,6.664008000000001
2026-02-06 16:00:00,13.0,1.0,5.6688598217,14.4037916508,23.2319138802,0.6130952383,13,16.900000000000002,6.664008000000001
2026-02-06 17:00:00,13.0,1.0,5.3220338775,12.8035573061,23.0872317119,0.6130952383,13,16.900000000000002,6.664008000000001
2026-02-06 18:00:00,13.0,1.0,5.3590260288,12.9765225928,23.0857753335,0.6130952383,13,16.900000000000002,6.664008000000001
2026-02-06 19:00:00,13.0,1.0,5.3562735869,13.7312521516,23.0902821462,0.6130952383,13,16.900000000000002,6.664008000000001
2026-02-06 20:00:00,13.0,1.0,5.3421004592,13.0619352234,24.094239125799998,0.6130952383,13,16.900000000000002,6.664008000000001
2026-02-06 21:00:00,13.0,1.0,5.3694592426,12.9781873524,23.092028892,0.6130952383,13,16.900000000000002,6.664008000000001
2026-02-06 22:00:00,13.0,1.0,5.3518728614,13.282788892200001,23.0671629223,0.6130952383,13,16.900000000000002,6.664008000000001
2026-02-06 23:00:00,13.0,1.0,5.3495995579,12.9466308187,24.0862867972,0.6130952383,13,16.900000000000002,6.664008000000001
2026-02-07 00:00:00,13.0,1.0,5.4528696705,13.3652764957,23.0642387788,0.6130952383,13,16.900000000000002,6.664008000000001
2026-02-07 01:00:00,13.0,1.0,5.3567310935,13.5644147389,24.0976909468,0.6130952383,13,16.900000000000002,6.664008000000001
2026-02-07 02:00:00,13.0,1.0,5.4083562847,14.4454789122,23.0933837904,0.6130952383,13,16.900000000000002,6.664008000000001
2026-02-07 03:00:00,13.0,1.0,5.3496099329,13.6156798739,23.0887704151,0.6130952383,13,16.900000000000002,6.664008000000001
2026-02-07 04:00:00,13.0,1.0,5.3601369001,13.1902164892,23.0732764241,0.6130952383,13,16.900000000000002,6.664008000000001
2026-02-07 05:00:00,13.0,1.0,5.3209233433,13.1633764046,23.0659526184,0.6130952383,13,16.900000000000002,6.664008000000001
2026-02-07 06:00:00,13.0,1.0,5.3492571218,13.4930176652,23.0751907051,0.6130952383,13,16.900000000000002,6.664008000000001
2026-02-07 07:00:00,13.0,1.0,5.3518424826,13.671277787400001,23.0864993662,0.6130952383,13,16.900000000000002,6.664008000000001
2026-02-07 08:00:00,13.0,1.0,5.3719874294,13.749810514,23.1077280943,0.6130952383,13,16.900000000000002,6.664008000000001
2026-02-07 09:00:00,12.900834,1.0,5.3734930186,13.3589388557,23.106329503,0.6130952383,13,16.900000000000002,6.664008000000001
2026-02-07 10:00:00,13.0,1.0,5.365938751,12.7700558666,23.119659295800002,0.6130952383,13,16.900000000000002,6.664008000000001
2026-02-07 11:00:00,13.0,1.0,5.366874394,12.652421304,24.097818575799998,0.6130952383,13,16.900000000000002,6.664008000000001
2026-02-07 12:00:00,13.0,1.0,5.37550091,12.9742858336,23.1059978414,0.6130952383,13,16.900000000000002,6.664008000000001
2026-02-07 13:00:00,13.0,1.0,5.1396228885,13.601851236,24.1333401366,0.6130952383,13,16.900000000000002,6.664008000000001
2026-02-07 14:00:00,13.0,1.0,4.7091627512,13.8630344301,24.1250889257,0.6130952383,13,16.900000000000002,6.664008000000001
2026-02-07 15:00:00,13.0,1.0,4.725581483,13.357608745,23.0713994113,0.6130952383,13,16.900000000000002,6.664008000000001
2026-02-07 16:00:00,13.0,1.0,4.7210116414000005,13.2346833812,23.0757839922,0.6130952383,13,16.900000000000002,6.664008000000001
2026-02-07 17:00:00,13.0,1.0,4.728438128700001,12.9188121577,23.0817486169,0.6130952383,13,16.900000000000002,6.664008000000001
2026-02-07 18:00:00,13.0,1.0,4.7492991127,13.4587707823,23.1177234212,0.6130952383,13,16.900000000000002,6.664008000000001
2026-02-07 19:00:00,13.0,1.0,4.7181137204,13.3101448822,23.0767261855,0.6130952383,13,16.900000000000002,6.664008000000001
2026-02-07 20:00:00,13.0,1.0,4.7341060721999995,13.239045277899999,24.0676319032,0.6130952383,13,16.900000000000002,6.664008000000001
2026-02-07 21:00:00,13.0,1.0,4.7521608593,13.825807492100001,23.0863806136,0.6130952383,13,16.900000000000002,6.664008000000001
2026-02-07 22:00:00,13.0,1.0,4.7261460014,13.0305373101,23.0656047806,0.6130952383,13,16.900000000000002,6.664008000000001
2026-02-07 23:00:00,13.0,1.0,4.7539180741,13.3271463072,24.0798360033,0.6130952383,13,16.900000000000002,6.664008000000001
2026-02-08 00:00:00,13.0,1.0,4.8775810711,13.9482950042,23.0886203901,0.6130952383,13,16.900000000000002,6.664008000000001
2026-02-08 01:00:00,13.0,1.0,4.770533460199999,13.6325958239,25.05807705,0.6130952383,13,16.900000000000002,6.664008000000001
2026-02-08 02:00:00,13.0,1.0,4.7900820468,14.43292185,23.0632618139,0.6130952383,13,16.900000000000002,6.664008000000001
2026-02-08 03:00:00,13.0,1.0,4.7648443114,13.7395474324,23.069865940299998,0.6130952383,13,16.900000000000002,6.664008000000001
2026-02-08 04:00:00,13.0,1.0,4.754652092200001,13.5835674949,23.0608226238,0.6130952383,13,16.900000000000002,6.664008000000001
2026-02-08 05:00:00,13.0,1.0,4.763329600900001,13.0731328475,23.0575773494,0.6130952383,13,16.900000000000002,6.664008000000001
2026-02-08 06:00:00,13.0,1.0,4.7682835571,12.8127350194,23.0678573521,0.6130952383,13,16.900000000000002,6.664008000000001
2026-02-08 07:00:00,13.0,1.0,4.789901624400001,13.3438348272,23.0917375365,0.6130952383,13,16.900000000000002,6.664008000000001
2026-02-08 08:00:00,13.0,1.0,4.7750394084,13.8862424099,23.0933350808,0.6130952383,13,16.900000000000002,6.664008000000001
2026-02-08 09:00:00,13.0,1.0,4.7686794335,13.5925876468,23.071244941899998,0.6130952383,13,16.900000000000002,6.664008000000001
2026-02-08 10:00:00,13.0,1.0,4.7787086507000005,12.8761440025,24.0824494836,0.6130952383,13,16.900000000000002,6.664008000000001
2026-02-08 11:00:00,13.0,1.0,4.8057414703,13.4786960575,23.0951898453,0.6130952383,13,16.900000000000002,6.664008000000001
2026-02-08 12:00:00,13.0,1.0,4.7805269174,13.0662976302,23.0926722244,0.6130952383,13,16.900000000000002,6.664008000000001
2026-02-08 13:00:00,12.4125,1.0,4.7935715374,13.3659006063,23.1050247504,0.6130952383,13,16.900000000000002,6.664008000000001
2026-02-08 14:00:00,13.0,1.0,4.7785507385,13.656111928,24.0975191721,0.6130952383,13,16.900000000000002,6.664008000000001
2026-02-08 15:00:00,12.846667,1.0,4.809626404199999,13.6174075843,23.0937746211,0.6130952383,13,16.900000000000002,6.664008000000001
2026-02-08 16:00:00,12.819167,1.0,4.763959283,13.6009801682,23.0751775285,0.6130952383,13,16.900000000000002,6.664008000000001
2026-02-08 17:00:00,13.0,1.0,4.8046367410999995,13.350259147000001,23.0997548555,0.6130952383,13,16.900000000000002,6.664008000000001
2026-02-08 18:00:00,13.0,1.0,4.7848985549,13.6321644585,23.0797577806,0.6130952383,13,16.900000000000002,6.664008000000001
2026-02-08 19:00:00,13.0,1.0,4.7790159406,13.7568738037,23.0783760017,0.6130952383,13,16.900000000000002,6.664008000000001
2026-02-08 20:00:00,13.0,1.0,4.7712982362,13.5329472579,24.0689104576,0.6130952383,13,16.900000000000002,6.664008000000001
2026-02-08 21:00:00,13.0,1.0,4.8033921095,12.9187401699,23.0864102162,0.6130952383,13,16.900000000000002,6.664008000000001
2026-02-08 22:00:00,13.0,1.0,4.7985530011,13.2299742337,23.0765157475,0.6130952383,13,16.900000000000002,6.664008000000001
2026-02-08 23:00:00,13.0,1.0,4.78896634,13.0713609485,24.0756605748,0.6130952383,13,16.900000000000002,6.664008000000001
2026-02-09 00:00:00,13.0,1.0,4.9089322444,14.1299499489,23.0583868272,0.6130952383,13,16.900000000000002,6.664008000000001
2026-02-09 01:00:00,13.0,1.0,4.7988885343,13.3219208685,24.0705153157,0.6130952383,13,16.900000000000002,6.664008000000001
2026-02-09 02:00:00,13.0,1.0,4.824760965099999,14.0742807041,23.0685145239,0.6130952383,13,16.900000000000002,6.664008000000001
2026-02-09 03:00:00,13.0,1.0,4.7994152624,13.8360354207,23.0702958881,0.6130952383,13,16.900000000000002,6.664008000000001
2026-02-09 04:00:00,13.0,1.0,4.7992881201,13.2492755546,23.0846859544,0.6130952383,13,16.900000000000002,6.664008000000001
2026-02-09 05:00:00,13.0,1.0,4.8079753807,13.9749663506,23.082462220900002,0.6130952383,13,16.900000000000002,6.664008000000001
2026-02-09 06:00:00,13.0,1.0,4.7698030481,12.859977065699999,23.0660271446,0.6130952383,13,16.900000000000002,6.664008000000001
2026-02-09 07:00:00,13.0,1.0,4.7897621896,13.2132575818,23.0797446405,0.6130952383,13,16.900000000000002,6.664008000000001
2026-02-09 08:00:00,13.0,1.0,4.807598888899999,13.5304349773,23.0941516496,0.6130952383,13,16.900000000000002,6.664008000000001
2026-02-09 09:00:00,13.0,1.0,4.792200873600001,13.4807776849,23.1047751149,0.6130952383,13,16.900000000000002,6.664008000000001
2026-02-09 10:00:00,13.0,1.0,4.9181236103,14.4349924158,23.4302692869,0.6130952383,13,16.900000000000002,6.664008000000001
2026-02-09 11:00:00,13.0,1.0,4.9355316897999995,14.7934337083,23.4605952166,0.6130952383,13,16.900000000000002,6.664008000000001
2026-02-09 12:00:00,13.0,1.0,4.936121873599999,13.8571328864,23.4156712517,0.6130952383,13,16.900000000000002,6.664008000000001
2026-02-09 13:00:00,13.0,1.0,4.9335459992,14.1403067591,23.4618529583,0.6130952383,13,16.900000000000002,6.664008000000001
2026-02-09 14:00:00,13.0,1.0,4.9502775194,14.9203085267,24.4513875413,0.6130952383,13,16.900000000000002,6.664008000000001
2026-02-09 15:00:00,13.0,1.0,4.9000346866,14.0000127193,23.4272712744,0.6130952383,13,16.900000000000002,6.664008000000001
2026-02-09 16:00:00,13.0,1.0,4.8816411095,13.615922176,23.3594830111,0.6130952383,13,16.900000000000002,6.664008000000001
2026-02-09 17:00:00,13.0,1.0,4.8804524513,14.4855738297,23.275039433499998,0.6130952383,13,16.900000000000002,6.664008000000001
2026-02-09 18:00:00,13.0,1.0,4.8832657207,14.3539608313,23.3017977163,0.6130952383,13,16.900000000000002,6.664008000000001
2026-02-09 19:00:00,13.0,1.0,4.9273576029,13.7938649439,23.3039896622,0.6130952383,13,16.900000000000002,6.664008000000001
2026-02-09 20:00:00,13.0,1.0,4.9327560812,14.460023158,24.3055060939,0.6130952383,13,16.900000000000002,6.664008000000001
2026-02-09 21:00:00,13.0,1.0,4.9552326491,14.3585048511,23.3318922888,0.6130952383,13,16.900000000000002,6.664008000000001
2026-02-09 22:00:00,13.0,1.0,4.908911353000001,14.0342148454,23.2720158302,0.6130952383,13,16.900000000000002,6.664008000000001
2026-02-09 23:00:00,13.0,1.0,4.9509285511000005,14.0704886829,24.3523903387,0.6130952383,13,16.900000000000002,6.664008000000001
2026-02-10 00:00:00,13.0,1.0,5.0392718669,14.568103732800001,23.2870529747,0.6130952383,13,16.900000000000002,6.664008000000001
2026-02-10 01:00:00,13.0,1.0,4.9602008136,13.948513117400001,24.3115384544,0.6130952383,13,16.900000000000002,6.664008000000001
2026-02-10 02:00:00,13.0,1.0,4.9566906327,14.4528600554,23.2765667912,0.6130952383,13,16.900000000000002,6.664008000000001
2026-02-10 03:00:00,13.0,1.0,4.9246017197,14.0598105676,23.2894254708,0.6130952383,13,16.900000000000002,6.664008000000001
2026-02-10 04:00:00,13.0,1.0,4.968128699799999,14.0274432075,23.3162616248,0.6130952383,13,16.900000000000002,6.664008000000001
2026-02-10 05:00:00,13.0,1.0,4.9469834509999995,13.7031105332,23.3069606876,0.6130952383,13,16.900000000000002,6.664008000000001
2026-02-10 06:00:00,13.0,1.0,4.940063105,13.998964426199999,23.3159572831,0.6130952383,13,16.900000000000002,6.664008000000001
2026-02-10 07:00:00,13.0,1.0,4.9085743893,14.202320716000001,23.309155991,0.6130952383,13,16.900000000000002,6.664008000000001
2026-02-10 08:00:00,13.0,1.0,4.961380092400001,13.829007317,23.3367197405,0.6130952383,13,16.900000000000002,6.664008000000001
2026-02-10 09:00:00,13.0,1.0,4.9137639273,14.1106771766,23.3131706315,0.6130952383,13,16.900000000000002,6.664008000000001
2026-02-10 10:00:00,13.0,1.0,5.2079177648,14.2457179308,23.3179438433,0.6130952383,13,16.900000000000002,6.664008000000001
2026-02-10 11:00:00,13.0,1.0,4.950829994899999,14.3148441336,23.3037216384,0.6130952383,13,16.900000000000002,6.664008000000001
2026-02-10 12:00:00,13.0,1.0,4.9547920907,14.0286883472,23.328464596499998,0.6130952383,13,16.900000000000002,6.664008000000001
2026-02-10 13:00:00,13.0,1.0,4.923052812,14.3146475283,23.315282039499998,0.6130952383,13,16.900000000000002,6.664008000000001
2026-02-10 14:00:00,13.0,1.0,4.9437464382,14.4635374759,24.309423272,0.6130952383,13,16.900000000000002,6.664008000000001
2026-02-10 15:00:00,13.0,1.0,4.9706040025,13.9690580551,23.3530239239,0.6130952383,13,16.900000000000002,6.664008000000001
2026-02-10 16:00:00,13.0,1.0,4.969870734000001,14.175602235,23.3553612355,0.6130952383,13,16.900000000000002,6.664008000000001
2026-02-10 17:00:00,13.0,1.0,4.9791061039999995,13.8576028759,23.3327542685,0.6130952383,13,16.900000000000002,6.664008000000001
2026-02-10 18:00:00,13.0,1.0,4.9489916265,14.3958745881,23.3092370947,0.6130952383,13,16.900000000000002,6.664008000000001
2026-02-10 19:00:00,13.0,1.0,4.946088920299999,14.1576524378,23.335002019,0.6130952383,13,16.900000000000002,6.664008000000001
2026-02-10 20:00:00,13.0,1.0,4.9609447308,14.3421889703,24.2832610936,0.6130952383,13,16.900000000000002,6.664008000000001
2026-02-10 21:00:00,13.0,1.0,4.9098068932,14.4521629039,23.2910590099,0.6130952383,13,16.900000000000002,6.664008000000001
2026-02-10 22:00:00,13.0,1.0,4.965906224199999,14.4168033806,23.460921506000002,0.6130952383,13,16.900000000000002,6.664008000000001
2026-02-10 23:00:00,13.0,1.0,4.9755101465,14.165546997,25.3474858024,0.6130952383,13,16.900000000000002,6.664008000000001
2026-02-11 00:00:00,13.0,1.0,5.0751872435,14.693471172699999,24.3102779005,0.6130952383,13,16.900000000000002,6.664008000000001
2026-02-11 01:00:00,13.0,1.0,4.926281099200001,14.4464244861,25.280908602,0.6130952383,13,16.900000000000002,6.664008000000001
2026-02-11 02:00:00,13.0,1.0,5.005748379,14.3010391366,24.3280933015,0.6130952383,13,16.900000000000002,6.664008000000001
2026-02-11 03:00:00,13.0,1.0,4.9582031267,13.656251325,24.3469903331,0.6130952383,13,16.900000000000002,6.664008000000001
2026-02-11 04:00:00,13.0,1.0,4.9541954799,14.200625083,24.334213660899998,0.6130952383,13,16.900000000000002,6.664008000000001
2026-02-11 05:00:00,13.0,1.0,4.9686381845,14.0722640835,24.3050090228,0.6130952383,13,16.900000000000002,6.664008000000001
2026-02-11 06:00:00,13.0,1.0,4.9738522694,13.674786629,24.334295185000002,0.6130952383,13,16.900000000000002,6.664008000000001
2026-02-11 07:00:00,13.0,1.0,4.9079880938,14.1873866209,24.2806570574,0.6130952383,13,16.900000000000002,6.664008000000001
2026-02-11 08:00:00,13.0,1.0,4.9746133452,14.2450085449,24.3352838148,0.6130952383,13,16.900000000000002,6.664008000000001
2026-02-11 09:00:00,13.0,1.0,4.938453774,14.0343844069,24.3284935909,0.6130952383,13,16.900000000000002,6.664008000000001
2026-02-11 10:00:00,13.0,1.0,4.842425695599999,13.2946139006,24.329853512299998,0.6130952383,13,16.900000000000002,6.664008000000001
2026-02-11 11:00:00,13.0,1.0,4.902477165700001,14.7474140571,24.3636223782,0.6130952383,13,16.900000000000002,6.664008000000001
2026-02-11 12:00:00,13.0,1.0,4.8816027669,13.7865821269,24.3443671727,0.6130952383,13,16.900000000000002,6.664008000000001
2026-02-11 13:00:00,13.0,1.0,4.9191139331,13.9876221847,24.3697507274,0.6130952383,13,16.900000000000002,6.664008000000001
2026-02-11 14:00:00,13.0,1.0,4.9020859683,13.8534541224,25.351630306,0.6130952383,13,16.900000000000002,6.664008000000001
2026-02-11 15:00:00,13.0,1.0,4.9162735315,14.6582814234,24.733765173000002,0.6130952383,13,16.900000000000002,6.664008000000001
2026-02-11 16:00:00,13.0,1.0,4.894719391100001,13.8938078836,25.3284087498,0.6130952383,13,16.900000000000002,6.664008000000001
2026-02-11 17:00:00,13.0,1.0,4.915110820000001,14.1034218415,25.3355255814,0.6130952383,13,16.900000000000002,6.664008000000001
2026-02-11 18:00:00,13.0,1.0,4.8989607664,14.3701287053,25.3226436151,0.6130952383,13,16.900000000000002,6.664008000000001
2026-02-11 19:00:00,13.0,1.0,4.9339610608,13.845984554600001,25.3691634559,0.6130952383,13,16.900000000000002,6.664008000000001
2026-02-11 20:00:00,13.0,1.0,4.9101849925,13.5352199941,26.354235396900002,0.6130952383,13,16.900000000000002,6.664008000000001
2026-02-11 21:00:00,13.0,1.0,4.941097688899999,13.694839226900001,25.3599851874,0.6130952383,13,16.900000000000002,6.664008000000001
2026-02-11 22:00:00,13.0,1.0,4.929392008100001,14.8244831265,25.3541304271,0.6130952383,13,16.900000000000002,6.664008000000001
2026-02-11 23:00:00,13.0,1.0,4.9251683289,14.3365349519,26.339780247500002,0.6130952383,13,16.900000000000002,6.664008000000001
2026-02-12 00:00:00,13.0,1.0,5.0188258663,14.4003470119,25.3247934944,0.6130952383,13,16.900000000000002,6.664008000000001
2026-02-12 01:00:00,13.0,1.0,4.946330826700001,13.817359597100001,26.357504627,0.6130952383,13,16.900000000000002,6.664008000000001
2026-02-12 02:00:00,13.0,1.0,4.9138023574,13.9930877253,25.307726724,0.6130952383,13,16.900000000000002,6.664008000000001
2026-02-12 03:00:00,13.0,1.0,4.915677852,14.549169818100001,25.3371711443,0.6130952383,13,16.900000000000002,6.664008000000001
2026-02-12 04:00:00,13.0,1.0,4.896399880800001,14.126452329800001,25.3282572014,0.6130952383,13,16.900000000000002,6.664008000000001
2026-02-12 05:00:00,13.0,1.0,4.9368350282,13.6900504425,25.3436981154,0.6130952383,13,16.900000000000002,6.664008000000001
2026-02-12 06:00:00,13.0,1.0,4.922304133,13.987703227799999,25.342099482200002,0.6130952383,13,16.900000000000002,6.664008000000001
2026-02-12 07:00:00,13.0,1.0,4.9442900345,14.1394087306,25.3577630061,0.6130952383,13,16.900000000000002,6.664008000000001
2026-02-12 08:00:00,13.0,1.0,4.9293177621,14.6253512457,25.3570095336,0.6130952383,13,16.900000000000002,6.664008000000001
2026-02-12 09:00:00,13.0,1.0,4.9379166542,14.3226152467,25.362046266700002,0.6130952383,13,16.900000000000002,6.664008000000001
2026-02-12 10:00:00,13.0,1.0,4.9266952323,14.2273482657,25.3488051115,0.6130952383,13,16.900000000000002,6.664008000000001
2026-02-12 11:00:00,13.0,1.0,5.0098918015,15.2125486925,25.4459722952,0.6130952383,13,16.900000000000002,6.664008000000001
2026-02-12 12:00:00,13.0,1.0,4.9754882641,14.445538451800001,25.390224672,0.6130952383,13,16.900000000000002,6.664008000000001
2026-02-12 13:00:00,13.0,1.0,4.9607933229,14.242231053,25.368052707,0.6130952383,13,16.900000000000002,6.664008000000001
2026-02-12 14:00:00,13.0,1.0,4.9775212267,14.5826296707,26.4525241419,0.6130952383,13,16.900000000000002,6.664008000000001
2026-02-12 15:00:00,13.0,1.0,4.996004886,13.930886365400001,25.4029433613,0.6130952383,13,16.900000000000002,6.664008000000001
2026-02-12 16:00:00,13.0,1.0,4.989065199200001,14.7879325496,25.3895955894,0.6130952383,13,16.900000000000002,6.664008000000001
2026-02-12 17:00:00,13.0,1.0,4.9449566668,13.9121418746,25.3411901758,0.6130952383,13,16.900000000000002,6.664008000000001
2026-02-12 18:00:00,13.0,1.0,4.9400873939,14.3115999354,25.343893522400002,0.6130952383,13,16.900000000000002,6.664008000000001
2026-02-12 19:00:00,13.0,1.0,4.9777237233000005,15.1991326642,25.3778852284,0.6130952383,13,16.900000000000002,6.664008000000001
2026-02-12 20:00:00,13.0,1.0,4.9530263430999995,14.3374760073,26.3385514014,0.6130952383,13,16.900000000000002,6.664008000000001
2026-02-12 21:00:00,13.0,1.0,4.9473518189,13.9783075685,25.3237200652,0.6130952383,13,16.900000000000002,6.664008000000001
2026-02-12 22:00:00,13.0,1.0,4.9656407079000005,14.1384967074,25.3067038417,0.6130952383,13,16.900000000000002,6.664008000000001
2026-02-12 23:00:00,13.0,1.0,4.9365235027,14.2242777316,26.3057982373,0.6130952383,13,16.900000000000002,6.664008000000001
2026-02-13 00:00:00,13.0,1.0,4.972441530799999,14.5519957898,25.3397143874,0.6130952383,13,16.900000000000002,6.664008000000001
2026-02-13 01:00:00,13.0,1.0,4.9800790213,14.2750100372,26.3190815117,0.6130952383,13,16.900000000000002,6.664008000000001
2026-02-13 02:00:00,13.0,1.0,4.9944936642,15.1049283757,25.3407921399,0.6130952383,13,16.900000000000002,6.664008000000001
2026-02-13 03:00:00,13.0,1.0,4.9810521705,15.0328424457,25.3585799271,0.6130952383,13,16.900000000000002,6.664008000000001
2026-02-13 04:00:00,13.0,1.0,4.9484219924,14.078661073700001,25.3114436474,0.6130952383,13,16.900000000000002,6.664008000000001
2026-02-13 05:00:00,13.0,1.0,4.9763581091999995,14.4332181106,25.3376755771,0.6130952383,13,16.900000000000002,6.664008000000001
2026-02-13 06:00:00,13.0,1.0,4.970970680000001,13.8002430953,25.3477188339,0.6130952383,13,16.900000000000002,6.664008000000001
2026-02-13 07:00:00,13.0,1.0,4.9752458129,14.3234723002,25.340021967200002,0.6130952383,13,16.900000000000002,6.664008000000001
2026-02-13 08:00:00,13.0,1.0,4.9739451222,14.818276122,25.3514415535,0.6130952383,13,16.900000000000002,6.664008000000001
2026-02-13 09:00:00,13.0,1.0,4.9318929203,14.436256498,25.3407228344,0.6130952383,13,16.900000000000002,6.664008000000001
2026-02-13 10:00:00,13.0,1.0,4.9087647563,14.0958084762,26.3371957834,0.6130952383,13,16.900000000000002,6.664008000000001
2026-02-13 11:00:00,13.0,1.0,4.880676880499999,14.191663718600001,25.3210574025,0.6130952383,13,16.900000000000002,6.664008000000001
2026-02-13 12:00:00,13.0,1.0,4.9114425527000005,14.6332198893,25.33785242,0.6130952383,13,16.900000000000002,6.664008000000001
2026-02-13 13:00:00,13.0,1.0,4.9805767592,15.659731177000001,25.5055218393,0.6130952383,13,16.900000000000002,6.664008000000001
2026-02-13 14:00:00,13.0,1.0,4.942543022300001,15.181350222499999,26.3574757781,0.6130952383,13,16.900000000000002,6.664008000000001
2026-02-13 15:00:00,13.0,1.0,4.9273656551,14.2335608669,25.4145663061,0.6130952383,13,16.900000000000002,6.664008000000001
2026-02-13 16:00:00,13.0,1.0,3.7020329433,14.3916057344,25.7365944167,0.6130952383,13,16.900000000000002,6.664008000000001
2026-02-13 17:00:00,13.0,1.0,5.4716763515,18.1367639434,25.3864426226,0.6130952383,13,16.900000000000002,6.664008000000001
2026-02-13 18:00:00,13.0,1.0,4.9764977274,14.366088707200001,24.3171255149,0.6130952383,13,16.900000000000002,6.664008000000001
2026-02-13 19:00:00,13.0,1.0,4.9498902345,13.3917895661,24.2951277528,0.6130952383,13,16.900000000000002,6.664008000000001
2026-02-13 20:00:00,13.0,1.0,4.9656665577000005,14.3932339847,25.2790222527,0.6130952383,13,16.900000000000002,6.664008000000001
2026-02-13 21:00:00,13.0,1.0,4.9384121597,13.4085687679,24.2527968389,0.6130952383,13,16.900000000000002,6.664008000000001
2026-02-13 22:00:00,13.0,1.0,4.9441859284,13.8709684378,24.2629279918,0.6130952383,13,16.900000000000002,6.664008000000001
2026-02-13 23:00:00,13.0,1.0,4.9690866238,13.9871445998,25.2951815469,0.6130952383,13,16.900000000000002,6.664008000000001
2026-02-14 00:00:00,13.0,1.0,5.0769322449,14.2758455151,24.2831231714,0.6130952383,13,16.900000000000002,6.664008000000001
2026-02-14 01:00:00,13.0,1.0,4.9453969616,13.8141316905,26.2571074708,0.6130952383,13,16.900000000000002,6.664008000000001
2026-02-14 02:00:00,13.0,1.0,4.960728570800001,14.0401326975,24.6418244302,0.6130952383,13,16.900000000000002,6.664008000000001
2026-02-14 03:00:00,13.0,1.0,4.9860016415,14.7919992925,25.3126352764,0.6130952383,13,16.900000000000002,6.664008000000001
2026-02-14 04:00:00,13.0,1.0,4.9746911209,14.0640827377,25.2765005367,0.6130952383,13,16.900000000000002,6.664008000000001
2026-02-14 05:00:00,13.0,1.0,4.93267396,13.2658796896,25.2604912838,0.6130952383,13,16.900000000000002,6.664008000000001
2026-02-14 06:00:00,13.0,1.0,4.9582922952,13.477528565,25.2613638888,0.6130952383,13,16.900000000000002,6.664008000000001
2026-02-14 07:00:00,13.0,1.0,4.9312076578,13.408702878,25.2566030872,0.6130952383,13,16.900000000000002,6.664008000000001
2026-02-14 08:00:00,13.0,1.0,4.9619527133000005,14.1181209986,25.2803155915,0.6130952383,13,16.900000000000002,6.664008000000001
2026-02-14 09:00:00,13.0,1.0,4.9450067347,13.9123518412,25.2876995284,0.6130952383,13,16.900000000000002,6.664008000000001
2026-02-14 10:00:00,13.0,1.0,4.985596939000001,13.580977907000001,25.3269579013,0.6130952383,13,16.900000000000002,6.664008000000001
2026-02-14 11:00:00,13.0,1.0,5.0439797956,15.2475891773,25.8359312134,0.6130952383,13,16.900000000000002,6.664008000000001
2026-02-14 12:00:00,13.0,1.0,5.0912927901,16.1906923036,25.7633802674,0.6130952383,13,16.900000000000002,6.664008000000001
2026-02-14 13:00:00,13.0,1.0,5.0869638091,16.4011783219,25.8038587001,0.6130952383,13,16.900000000000002,6.664008000000001
2026-02-14 14:00:00,13.0,1.0,5.0831644032,15.1945130139,26.801655746,0.6130952383,13,16.900000000000002,6.664008000000001
2026-02-14 15:00:00,13.0,1.0,5.0940364189,15.742269692999999,25.776338268900002,0.6130952383,13,16.900000000000002,6.664008000000001
2026-02-14 16:00:00,13.0,1.0,5.0660929643,15.9215130506,25.783131565,0.6130952383,13,16.900000000000002,6.664008000000001
2026-02-14 17:00:00,13.0,1.0,5.0515572978,16.3805418555,25.7720969418,0.6130952383,13,16.900000000000002,6.664008000000001
2026-02-14 18:00:00,13.0,1.0,5.1135991197,16.8077563409,25.822626388499998,0.6130952383,13,16.900000000000002,6.664008000000001
2026-02-14 19:00:00,13.0,1.0,5.0891209859,16.5890976914,25.7923096948,0.6130952383,13,16.900000000000002,6.664008000000001
2026-02-14 20:00:00,13.0,1.0,5.0823710458,16.336891792,26.8020953661,0.6130952383,13,16.900000000000002,6.664008000000001
2026-02-14 21:00:00,13.0,1.0,5.0917331604,15.7972969601,25.8152353678,0.6130952383,13,16.900000000000002,6.664008000000001
2026-02-14 22:00:00,13.0,1.0,5.0701639783,15.4335028056,25.776181051400002,0.6130952383,13,16.900000000000002,6.664008000000001
2026-02-14 23:00:00,13.0,1.0,5.0923171779,16.0170566866,26.7827638011,0.6130952383,13,16.900000000000002,6.664008000000001
2026-02-15 00:00:00,13.0,1.0,5.1948685609,16.472370021,25.788050033,0.6130952382,13,16.900000000000002,6.664008000000001
2026-02-15 01:00:00,13.0,1.0,5.0863405103,16.2210645348,26.7863187802,0.6130952383,13,16.900000000000002,6.664008000000001
2026-02-15 02:00:00,13.0,1.0,5.1194161335,15.9286389957,25.7876066109,0.6130952383,13,16.900000000000002,6.664008000000001
2026-02-15 03:00:00,13.0,1.0,5.114259949,15.61945894,25.8064281612,0.6130952383,13,16.900000000000002,6.664008000000001
2026-02-15 04:00:00,13.0,1.0,5.0716450782,15.1637052549,25.7564330047,0.6130952383,13,16.900000000000002,6.664008000000001
2026-02-15 05:00:00,13.0,1.0,5.0967301112,15.267691672,25.7894419373,0.6130952383,13,16.900000000000002,6.664008000000001
2026-02-15 06:00:00,13.0,1.0,5.0735624908,16.1909005164,25.7363984507,0.6130952383,13,16.900000000000002,6.664008000000001
2026-02-15 07:00:00,13.0,1.0,5.0973518668,16.665443174500002,25.7366714495,0.6130952383,13,16.900000000000002,6.664008000000001
2026-02-15 08:00:00,13.0,1.0,5.1130753243,16.2959598369,25.7343990905,0.6130952383,13,16.900000000000002,6.664008000000001
2026-02-15 09:00:00,13.0,1.0,5.0976750618,15.6761808605,25.7318066534,0.6130952383,13,16.900000000000002,6.664008000000001
2026-02-15 10:00:00,13.0,1.0,5.085645156,15.762872188000001,25.7184610355,0.6130952383,13,16.900000000000002,6.664008000000001
2026-02-15 11:00:00,13.0,1.0,5.1059843432,16.3762140926,25.6957189439,0.6130952383,13,16.900000000000002,6.664008000000001
2026-02-15 12:00:00,13.0,1.0,5.1032313621,16.1949173903,26.7076485116,0.6130952383,13,16.900000000000002,6.664008000000001
2026-02-15 13:00:00,13.0,1.0,5.1046513915,15.8099403947,25.703407768399998,0.6130952383,13,16.900000000000002,6.664008000000001
2026-02-15 14:00:00,13.0,1.0,5.0830932502,15.831472366,26.707890524,0.6130952383,13,16.900000000000002,6.664008000000001
2026-02-15 15:00:00,13.0,1.0,5.1380300857,16.9930293232,25.740711224000002,0.6130952383,13,16.900000000000002,6.664008000000001
2026-02-15 16:00:00,13.0,1.0,5.1090371339,16.8303974608,25.752719164200002,0.6130952383,13,16.900000000000002,6.664008000000001
2026-02-15 17:00:00,13.0,1.0,5.1027211081,16.0524057019,25.7156018857,0.6130952383,13,16.900000000000002,6.664008000000001
2026-02-15 18:00:00,13.0,1.0,5.1321261069,16.2408100916,25.750844392,0.6130952383,13,16.900000000000002,6.664008000000001
2026-02-15 19:00:00,13.0,1.0,5.0963595156,15.7778239957,25.7182398664,0.6130952383,13,16.900000000000002,6.664008000000001
2026-02-15 20:00:00,13.0,1.0,5.1145906281,16.0175704569,26.7142184505,0.6130952383,13,16.900000000000002,6.664008000000001
2026-02-15 21:00:00,13.0,1.0,5.0918793716,16.0009814561,25.703144259400002,0.6130952383,13,16.900000000000002,6.664008000000001
2026-02-15 22:00:00,13.0,1.0,5.1355138216,17.1087660716,25.7540486883,0.6130952383,13,16.900000000000002,6.664008000000001
2026-02-15 23:00:00,13.0,1.0,5.1132523092,16.9890136019,26.7319618653,0.6130952383,13,16.900000000000002,6.664008000000001
2026-02-16 00:00:00,13.0,1.0,5.2170781661,16.9311536243,25.7261459333,0.6130952383,13,16.900000000000002,6.664008000000001
2026-02-16 01:00:00,13.0,1.0,5.1139504006,16.1590772661,26.7105388754,0.6130952383,13,16.900000000000002,6.664008000000001
2026-02-16 02:00:00,13.0,1.0,5.1278749397,16.3281606461,25.7004514733,0.6130952383,13,16.900000000000002,6.664008000000001
2026-02-16 03:00:00,13.0,1.0,5.1002508663,16.0830517256,25.750735249999998,0.6130952383,13,16.900000000000002,6.664008000000001
2026-02-16 04:00:00,13.0,1.0,5.1253771493,16.5487022969,25.8565096791,0.6130952383,13,16.900000000000002,6.664008000000001
2026-02-16 05:00:00,13.0,1.0,5.1306701591,16.7754120035,25.7613517778,0.6130952383,13,16.900000000000002,6.664008000000001
2026-02-16 06:00:00,13.0,1.0,5.0880192239,16.1577007667,25.7455896837,0.6130952383,13,16.900000000000002,6.664008000000001
2026-02-16 07:00:00,13.0,1.0,5.1065979581,16.390943203,25.7430460504,0.6130952383,13,16.900000000000002,6.664008000000001
2026-02-16 08:00:00,13.0,1.0,5.1155556953,16.1044813724,25.727560554,0.6130952383,13,16.900000000000002,6.664008000000001
2026-02-16 09:00:00,13.0,1.0,5.0964439791,16.0065912222,25.7536640634,0.6130952383,13,16.900000000000002,6.664008000000001
2026-02-16 10:00:00,13.0,1.0,5.1375056235,17.412958927400002,25.9715472271,0.6130952383,13,16.900000000000002,6.664008000000001
2026-02-16 11:00:00,13.0,1.0,5.0996088404,16.2213122143,25.6425487661,0.6130952383,13,16.900000000000002,6.664008000000001
2026-02-16 12:00:00,13.0,1.0,5.1579855056,16.9249457913,25.6486146947,0.6130952383,13,16.900000000000002,6.664008000000001
2026-02-16 13:00:00,13.0,1.0,5.1508924104,16.073779726799998,25.6723571463,0.6130952383,13,16.900000000000002,6.664008000000001
2026-02-16 14:00:00,13.0,1.0,5.1386576481,16.3763838267,26.620371856,0.6130952383,13,16.900000000000002,6.664008000000001
2026-02-16 15:00:00,13.0,1.0,5.2583078584,16.1518641945,24.7911153183,0.6122829864,13,16.900000000000002,6.664008000000001
2026-02-16 16:00:00,13.0,1.0,5.1515393537,16.0287278529,22.2950581632,0.6116071431,13,16.900000000000002,6.664008000000001
2026-02-16 17:00:00,13.0,1.0,4.9297611006,14.6750700931,22.2866283254,0.6116071431,13,16.900000000000002,6.664008000000001
2026-02-16 18:00:00,13.0,1.0,4.9256665371,14.6332189647,22.276850435100002,0.6116071431,13,16.900000000000002,6.664008000000001
2026-02-16 19:00:00,13.0,1.0,4.9342525247,14.7295720933,22.2854924571,0.6116071431,13,16.900000000000002,6.664008000000001
2026-02-16 20:00:00,13.0,1.0,4.933837280600001,14.6070173551,23.263613246,0.6116071431,13,16.900000000000002,6.664008000000001
2026-02-16 21:00:00,13.0,1.0,4.9364058943,15.2015581616,22.278610487199998,0.6116071431,13,16.900000000000002,6.664008000000001
2026-02-16 22:00:00,13.0,1.0,4.9176819148,14.4665104421,22.2571769479,0.6116071431,13,16.900000000000002,6.664008000000001
2026-02-16 23:00:00,13.0,1.0,4.948990331,14.0944243871,22.5274942274,0.6116071431,13,16.900000000000002,6.664008000000001
2026-02-17 00:00:00,13.0,1.0,5.054600236,15.3849682297,21.2410733129,0.6116071431,13,16.900000000000002,6.664008000000001
2026-02-17 01:00:00,13.0,1.0,4.9224646101000005,14.4715118166,22.2174900167,0.6116071431,13,16.900000000000002,6.664008000000001
2026-02-17 02:00:00,13.0,1.0,4.959986321600001,14.3087784861,21.2373245778,0.6116071431,13,16.900000000000002,6.664008000000001
2026-02-17 03:00:00,13.0,1.0,4.9525324749,14.1096160374,21.2537333514,0.6116071431,13,16.900000000000002,6.664008000000001
2026-02-17 04:00:00,13.0,1.0,4.9236816139999995,14.6022889168,21.2350410704,0.6116071431,13,16.900000000000002,6.664008000000001
2026-02-17 05:00:00,13.0,1.0,4.951450528600001,14.870530732,21.2407504454,0.6116071431,13,16.900000000000002,6.664008000000001
2026-02-17 06:00:00,13.0,1.0,4.9324240116,14.501309583,21.2426999701,0.6116071431,13,16.900000000000002,6.664008000000001
2026-02-17 07:00:00,13.0,1.0,4.9274975155,14.1719079937,21.2408816813,0.6116071431,13,16.900000000000002,6.664008000000001
2026-02-17 08:00:00,13.0,1.0,4.947217633,14.396401365800001,21.247386888,0.6116071431,13,16.900000000000002,6.664008000000001
2026-02-17 09:00:00,13.0,1.0,4.9272241658,14.4052386447,21.2623463888,0.6116071431,13,16.900000000000002,6.664008000000001
2026-02-17 10:00:00,13.0,1.0,4.9435336003,14.127509724200001,21.246753535,0.6116071431,13,16.900000000000002,6.664008000000001
2026-02-17 11:00:00,13.0,1.0,4.9279569509000005,14.4564734474,21.239316940800002,0.6116071431,13,16.900000000000002,6.664008000000001
2026-02-17 12:00:00,13.0,1.0,4.9261896536,14.6015199919,21.2399340617,0.6116071431,13,16.900000000000002,6.664008000000001
2026-02-17 13:00:00,13.0,1.0,4.940810035,14.8520907694,21.2717013869,0.6116071431,13,16.900000000000002,6.664008000000001
2026-02-17 14:00:00,13.0,1.0,4.9458423723,15.1835275224,22.2463328992,0.6116071431,13,16.900000000000002,6.664008000000001
2026-02-17 15:00:00,13.0,1.0,4.9395929184,15.3617059524,21.2678982464,0.6116071431,13,16.900000000000002,6.664008000000001
2026-02-17 16:00:00,13.0,1.0,4.9510526331,15.1491324454,21.245623602800002,0.6116071431,13,16.900000000000002,6.664008000000001
2026-02-17 17:00:00,13.0,1.0,4.9286602484,14.7826024206,21.2493611479,0.6116071431,13,16.900000000000002,6.664008000000001
2026-02-17 18:00:00,13.0,1.0,4.9294802062,14.239164634,21.2350071695,0.6116071431,13,16.900000000000002,6.664008000000001
2026-02-17 19:00:00,13.0,1.0,4.9532971717,14.5514618558,21.2414443604,0.6116071431,13,16.900000000000002,6.664008000000001
2026-02-17 20:00:00,13.0,1.0,4.9615411218,14.821169506699999,22.246659613,0.6116071431,13,16.900000000000002,6.664008000000001
2026-02-17 21:00:00,13.0,1.0,4.9349967157000005,14.8236187487,21.2466704062,0.6116071431,13,16.900000000000002,6.664008000000001
2026-02-17 22:00:00,13.0,1.0,4.9398465455,14.5028751574,21.4408603663,0.6116071431,13,16.900000000000002,6.664008000000001
2026-02-17 23:00:00,13.0,1.0,4.9629413169,15.377183272,23.2520779768,0.6116071431,13,16.900000000000002,6.664008000000001
2026-02-18 00:00:00,13.0,1.0,5.0567503888,15.46713463,22.2338385661,0.6116071431,13,16.900000000000002,6.664008000000001
2026-02-18 01:00:00,13.0,1.0,4.9321281072000005,14.7225671402,23.2259380361,0.6116071431,13,16.900000000000002,6.664008000000001
2026-02-18 02:00:00,13.0,1.0,4.974211093,15.077373592599999,22.225145933,0.6116071431,13,16.900000000000002,6.664008000000001
2026-02-18 03:00:00,13.0,1.0,4.9335789671,15.0852032609,22.2307702907,0.6116071431,13,16.900000000000002,6.664008000000001
2026-02-18 04:00:00,13.0,1.0,4.91954346,14.5942029122,22.2021801311,0.6116071431,13,16.900000000000002,6.664008000000001
2026-02-18 05:00:00,13.0,1.0,4.9236878706,14.9500128667,22.2326429315,0.6116071431,13,16.900000000000002,6.664008000000001
2026-02-18 06:00:00,13.0,1.0,4.9375321176,14.3593536334,22.2371378331,0.6116071431,13,16.900000000000002,6.664008000000001
2026-02-18 07:00:00,13.0,1.0,4.973624710899999,14.1753170015,22.255971336200002,0.6116071431,13,16.900000000000002,6.664008000000001
2026-02-18 08:00:00,13.0,1.0,4.9336750703,14.734807047,22.2382972025,0.6116071431,13,16.900000000000002,6.664008000000001
2026-02-18 09:00:00,13.0,1.0,4.9512889469,15.1695022927,22.2602754167,0.6116071431,13,16.900000000000002,6.664008000000001
2026-02-18 10:00:00,13.0,1.0,4.9465046013,15.0022710229,23.2512458617,0.6116071431,13,16.900000000000002,6.664008000000001
2026-02-18 11:00:00,13.0,1.0,4.827441385,14.219214043600001,22.2610128104,0.6116071431,13,16.900000000000002,6.664008000000001
2026-02-18 12:00:00,13.0,1.0,4.9530330142,14.0841925032,22.2457541604,0.6116071431,13,16.900000000000002,6.664008000000001
2026-02-18 13:00:00,13.0,1.0,5.0631986475,14.8981965337,23.2667487089,0.6116071431,13,16.900000000000002,6.664008000000001
2026-02-18 14:00:00,13.0,1.0,5.1453825152,15.3841143393,23.2485350479,0.6116071431,13,16.900000000000002,6.664008000000001
2026-02-18 15:00:00,13.0,1.0,5.1790008061,16.4440993529,22.3633051421,0.6116071431,13,16.900000000000002,6.664008000000001
2026-02-18 16:00:00,13.0,1.0,5.0128853722,14.9426103199,22.306964485800002,0.6116071431,13,16.900000000000002,6.664008000000001
2026-02-18 17:00:00,13.0,1.0,4.952109528699999,13.8616876835,22.1935048563,0.6116071431,13,16.900000000000002,6.664008000000001
2026-02-18 18:00:00,13.0,1.0,4.9502004441,13.6414299117,22.1335660965,0.6116071431,13,16.900000000000002,6.664008000000001
2026-02-18 19:00:00,13.0,1.0,4.966620517,14.2911345251,22.1375383484,0.6116071431,13,16.900000000000002,6.664008000000001
2026-02-18 20:00:00,13.0,1.0,4.963637121,14.6478365172,23.1553769935,0.6116071431,13,16.900000000000002,6.664008000000001
2026-02-18 21:00:00,13.0,1.0,4.9463218617999996,13.9751867076,22.1321862178,0.6116071431,13,16.900000000000002,6.664008000000001
2026-02-18 22:00:00,13.0,1.0,4.9622581555,13.6104922552,22.130057015200002,0.6116071431,13,16.900000000000002,6.664008000000001
2026-02-18 23:00:00,13.0,1.0,4.9262253754,13.1080629631,23.1368295115,0.6116071431,13,16.900000000000002,6.664008000000001
2026-02-19 00:00:00,13.0,1.0,5.0663031535,14.875863711400001,22.1254304691,0.6116071431,13,16.900000000000002,6.664008000000001
2026-02-19 01:00:00,13.0,1.0,4.9523272904999995,14.1473778164,23.1310451841,0.6116071431,13,16.900000000000002,6.664008000000001
2026-02-19 02:00:00,13.0,1.0,4.967072485,14.307357216,22.140830611000002,0.6116071431,13,16.900000000000002,6.664008000000001
2026-02-19 03:00:00,13.0,1.0,4.9486388713,13.5594556265,22.1150669366,0.6116071431,13,16.900000000000002,6.664008000000001
2026-02-19 04:00:00,13.0,1.0,4.926039489,13.4574408665,22.124088578,0.6116071431,13,16.900000000000002,6.664008000000001
2026-02-19 05:00:00,13.0,1.0,4.9503888218,14.5323335482,22.154482348800002,0.6116071431,13,16.900000000000002,6.664008000000001
2026-02-19 06:00:00,13.0,1.0,4.964323326900001,14.3306410664,22.1504947945,0.6116071431,13,16.900000000000002,6.664008000000001
2026-02-19 07:00:00,13.0,1.0,4.9208702454,13.8767292416,22.1338053471,0.6116071431,13,16.900000000000002,6.664008000000001
2026-02-19 08:00:00,13.0,1.0,4.9931304334,13.532766437,22.2078740083,0.6116071431,13,16.900000000000002,6.664008000000001
2026-02-19 09:00:00,13.0,1.0,4.976284652,13.5617548542,22.2342341299,0.6116071431,13,16.900000000000002,6.664008000000001
2026-02-19 10:00:00,13.0,1.0,5.005918364,13.7786873346,22.216685147,0.6116071431,13,16.900000000000002,6.664008000000001
2026-02-19 11:00:00,13.0,1.0,4.9643497644,14.186303003,23.1166223128,0.6116071431,13,16.900000000000002,6.664008000000001
2026-02-19 12:00:00,13.0,1.0,4.9002864268,14.6419568241,23.2367126209,0.6116071431,13,16.900000000000002,6.664008000000001
2026-02-19 13:00:00,13.0,1.0,5.0014462378,13.9960936548,23.222715926,0.6116071431,13,16.900000000000002,6.664008000000001
2026-02-19 14:00:00,13.0,1.0,4.9577418938,13.7326158889,24.2032139105,0.6116071431,13,16.900000000000002,6.664008000000001
2026-02-19 15:00:00,13.0,1.0,4.9958422165,14.3134018906,23.2309135754,0.6116071431,13,16.900000000000002,6.664008000000001
2026-02-19 16:00:00,13.0,1.0,4.9988875287,13.960367184199999,23.2017682187,0.6116071431,13,16.900000000000002,6.664008000000001
2026-02-19 17:00:00,13.0,1.0,4.988475430799999,14.2966752282,23.2054272825,0.6116071431,13,16.900000000000002,6.664008000000001
2026-02-19 18:00:00,13.0,1.0,4.9668972418,14.172025254900001,23.1884539605,0.6116071431,13,16.900000000000002,6.664008000000001
2026-02-19 19:00:00,13.0,1.0,4.9731534384,13.6952725506,23.2080531871,0.6116071431,13,16.900000000000002,6.664008000000001
2026-02-19 20:00:00,13.0,1.0,4.9919491829,13.9661162308,24.1959056661,0.6116071431,13,16.900000000000002,6.664008000000001
2026-02-19 21:00:00,13.0,1.0,4.9931080835,14.712605244999999,23.2037140108,0.6116071431,13,16.900000000000002,6.664008000000001
2026-02-19 22:00:00,13.0,1.0,4.960892668,13.9907753098,23.1894637832,0.6116071431,13,16.900000000000002,6.664008000000001
2026-02-19 23:00:00,13.0,1.0,4.977918262599999,13.8833534147,24.2068147304,0.6116071431,13,16.900000000000002,6.664008000000001
2026-02-20 00:00:00,13.0,1.0,5.109377725,14.4082524547,23.2024993232,0.6116071431,13,16.900000000000002,6.664008000000001
2026-02-20 01:00:00,13.0,1.0,4.973881077,14.609143855900001,24.1983695268,0.6116071431,13,16.900000000000002,6.664008000000001
2026-02-20 02:00:00,13.0,1.0,5.0200113701,15.0510759588,22.9664685472,0.6116071431,13,16.900000000000002,6.664008000000001
2026-02-20 03:00:00,13.0,1.0,5.0000575641,14.9825125299,22.2202586675,0.6116071431,13,16.900000000000002,6.664008000000001
2026-02-20 04:00:00,13.0,1.0,4.997753147,15.3154988998,22.2086696473,0.6116071431,13,16.900000000000002,6.664008000000001
2026-02-20 05:00:00,13.0,1.0,4.9871331005999995,14.640593923099999,22.2045236824,0.6116071431,13,16.900000000000002,6.664008000000001
2026-02-20 06:00:00,13.0,1.0,4.9906898215,15.206268427,22.2106593149,0.6116071431,13,16.900000000000002,6.664008000000001
2026-02-20 07:00:00,13.0,1.0,4.9731959207,14.9440204702,22.2050163212,0.6116071431,13,16.900000000000002,6.664008000000001
2026-02-20 08:00:00,13.0,1.0,4.9775623046,14.2800732098,22.1883106701,0.6116071431,13,16.900000000000002,6.664008000000001
2026-02-20 09:00:00,13.0,1.0,4.9816961382,14.9332741572,22.2103203756,0.6116071431,13,16.900000000000002,6.664008000000001
2026-02-20 10:00:00,13.0,1.0,4.9835100388,15.1072099034,22.213602901399998,0.6116071431,13,16.900000000000002,6.664008000000001
2026-02-20 11:00:00,13.0,1.0,4.975885073700001,14.7565235537,22.1968006933,0.6116071431,13,16.900000000000002,6.664008000000001
2026-02-20 12:00:00,13.0,1.0,5.141654334,15.1433094159,22.2156230018,0.6116071431,13,16.900000000000002,6.664008000000001
2026-02-20 13:00:00,13.0,1.0,4.8489859747,14.4912012717,22.1933057424,0.6116071431,13,16.900000000000002,6.664008000000001
2026-02-20 14:00:00,13.0,1.0,4.9744471321,14.4234127386,23.2093122829,0.6116071431,13,16.900000000000002,6.664008000000001
2026-02-20 15:00:00,13.0,1.0,4.979438199700001,14.571811878,22.2102808313,0.6116071431,13,16.900000000000002,6.664008000000001
2026-02-20 16:00:00,13.0,1.0,5.0051308917,15.5493739015,22.238393357,0.6116071431,13,16.900000000000002,6.664008000000001
2026-02-20 17:00:00,13.0,1.0,4.981999252,14.839445747900001,22.208890186,0.6116071431,13,16.900000000000002,6.664008000000001
2026-02-20 18:00:00,13.0,1.0,4.9964761436,14.9770177501,22.2234813461,0.6116071431,13,16.900000000000002,6.664008000000001
2026-02-20 19:00:00,13.0,1.0,4.9696652377,14.4239003222,22.1852644181,0.6116071431,13,16.900000000000002,6.664008000000001
2026-02-20 20:00:00,13.0,1.0,5.0126120029,14.281946893,23.2160098898,0.6116071431,13,16.900000000000002,6.664008000000001
2026-02-20 21:00:00,13.0,1.0,4.965960884499999,15.0380756605,22.233791255,0.6116071431,13,16.900000000000002,6.664008000000001
2026-02-20 22:00:00,13.0,1.0,5.008449113,14.6900062599,22.2126540754,0.6116071431,13,16.900000000000002,6.664008000000001
2026-02-20 23:00:00,13.0,1.0,4.9826181671,14.7684205379,23.2096259707,0.6116071431,13,16.900000000000002,6.664008000000001
2026-02-21 00:00:00,13.0,1.0,5.1112656659,15.628785421,22.2048081748,0.6116071431,13,16.900000000000002,6.664008000000001
2026-02-21 01:00:00,13.0,1.0,4.963818051900001,14.7734981144,23.2116385471,0.6116071431,13,16.900000000000002,6.664008000000001
2026-02-21 02:00:00,13.0,1.0,5.0268964078,14.4171009296,22.2295853286,0.6116071431,13,16.900000000000002,6.664008000000001
2026-02-21 03:00:00,13.0,1.0,5.0373378219,14.468581819499999,22.2438495448,0.6116071431,13,16.900000000000002,6.664008000000001
2026-02-21 04:00:00,13.0,1.0,5.0064647021,15.4738329055,23.2158816801,0.6116071431,13,16.900000000000002,6.664008000000001
2026-02-21 05:00:00,13.0,1.0,5.0119320918,15.6402404742,22.2418239836,0.6116071431,13,16.900000000000002,6.664008000000001
2026-02-21 06:00:00,13.0,1.0,4.9975012075,14.9096010659,22.1989297867,0.6116071431,13,16.900000000000002,6.664008000000001
2026-02-21 07:00:00,13.0,1.0,4.9821459949,14.790672486,23.209065613900002,0.6116071431,13,16.900000000000002,6.664008000000001
2026-02-21 08:00:00,13.0,1.0,4.9935698025,14.419276372499999,22.1908003991,0.6116071431,13,16.900000000000002,6.664008000000001
2026-02-21 09:00:00,13.0,1.0,4.976181617,14.7741577505,22.215241408,0.6116071431,13,16.900000000000002,6.664008000000001
2026-02-21 10:00:00,13.0,1.0,5.0011279611,14.1512516046,22.1969232133,0.6116071431,13,16.900000000000002,6.664008000000001
2026-02-21 11:00:00,13.0,1.0,4.9802854154,14.5852558567,22.1845767273,0.6116071431,13,16.900000000000002,6.664008000000001
2026-02-21 12:00:00,13.0,1.0,5.0118079102,14.2811103708,22.2106817448,0.6116071431,13,16.900000000000002,6.664008000000001
2026-02-21 13:00:00,13.0,1.0,4.9494223744,14.7929712595,22.1844548495,0.6116071431,13,16.900000000000002,6.664008000000001
2026-02-21 14:00:00,13.0,1.0,4.9906134494,14.2258483702,23.1931538308,0.6116071431,13,16.900000000000002,6.664008000000001
2026-02-21 15:00:00,13.0,1.0,4.9908876326,15.2456505902,22.2177829382,0.6116071431,13,16.900000000000002,6.664008000000001
2026-02-21 16:00:00,13.0,1.0,4.9650214668,14.516062838,22.1893274679,0.6116071431,13,16.900000000000002,6.664008000000001
2026-02-21 17:00:00,13.0,1.0,5.0334306573,15.759516215,22.2316367144,0.6116071431,13,16.900000000000002,6.664008000000001
2026-02-21 18:00:00,13.0,1.0,4.9901184551,14.8157291756,22.2177760003,0.6116071431,13,16.900000000000002,6.664008000000001
2026-02-21 19:00:00,13.0,1.0,5.002634583,14.1407329987,22.2053853945,0.6116071431,13,16.900000000000002,6.664008000000001
2026-02-21 20:00:00,13.0,1.0,4.9892271981,14.644104326599999,23.2050591892,0.6116071431,13,16.900000000000002,6.664008000000001
2026-02-21 21:00:00,13.0,1.0,4.9843642646,15.1110380517,22.2104038627,0.6116071431,13,16.900000000000002,6.664008000000001
2026-02-21 22:00:00,13.0,1.0,4.9848015709,14.8115573857,22.1964944324,0.6116071431,13,16.900000000000002,6.664008000000001
2026-02-21 23:00:00,13.0,1.0,4.996272875,14.472862859000001,23.1885884648,0.6116071431,13,16.900000000000002,6.664008000000001
2026-02-22 00:00:00,13.0,1.0,5.0842555193,15.5171034372,22.213624699,0.6116071431,13,16.900000000000002,6.664008000000001
2026-02-22 01:00:00,13.0,1.0,4.993572611399999,14.7813184259,23.1812263862,0.6116071431,13,16.900000000000002,6.664008000000001
2026-02-22 02:00:00,13.0,1.0,4.9846652987999995,14.6989261109,22.1859705768,0.6116071431,13,16.900000000000002,6.664008000000001
2026-02-22 03:00:00,13.0,1.0,4.9778708499,14.89855823,22.1780729786,0.6116071431,13,16.900000000000002,6.664008000000001
2026-02-22 04:00:00,13.0,1.0,5.0005096765,14.8084831863,22.2033423038,0.6116071431,13,16.900000000000002,6.664008000000001
2026-02-22 05:00:00,13.0,1.0,4.979309448,14.3545328443,22.1811801749,0.6116071431,13,16.900000000000002,6.664008000000001
2026-02-22 06:00:00,13.0,1.0,4.9803331988,14.9350245833,22.2004656357,0.6116071431,13,16.900000000000002,6.664008000000001
2026-02-22 07:00:00,13.0,1.0,4.9855962638,14.2953001907,22.190422409,0.6116071431,13,16.900000000000002,6.664008000000001
2026-02-22 08:00:00,13.0,1.0,5.00982947,14.7868005467,22.2152218598,0.6116071431,13,16.900000000000002,6.664008000000001
2026-02-22 09:00:00,13.0,1.0,4.9854509532,15.2844778623,22.2266599392,0.6116071431,13,16.900000000000002,6.664008000000001
2026-02-22 10:00:00,13.0,1.0,5.0315075172,15.8896227908,22.2315041762,0.6116071431,13,16.900000000000002,6.664008000000001
2026-02-22 11:00:00,13.0,1.0,4.9944951031,14.4118408292,22.2253512877,0.6116071431,13,16.900000000000002,6.664008000000001
2026-02-22 12:00:00,13.0,1.0,5.0099896742,14.5962810652,22.2120925387,0.6116071431,13,16.900000000000002,6.664008000000001
2026-02-22 13:00:00,13.0,1.0,4.9810309689,14.4096470046,22.196291775,0.6116071431,13,16.900000000000002,6.664008000000001
2026-02-22 14:00:00,13.0,1.0,4.9792159861,14.4974544431,23.1950717807,0.6116071431,13,16.900000000000002,6.664008000000001
2026-02-22 15:00:00,13.0,1.0,5.0018930528,14.6291350201,22.2243704389,0.6116071431,13,16.900000000000002,6.664008000000001
2026-02-22 16:00:00,13.0,1.0,4.9965376994,14.1908650399,22.2071641132,0.6116071431,13,16.900000000000002,6.664008000000001
2026-02-22 17:00:00,13.0,1.0,4.9667234728,14.2014467128,22.1797712848,0.6116071431,13,16.900000000000002,6.664008000000001
2026-02-22 18:00:00,13.0,1.0,4.984761729800001,14.5196484187,22.188875116,0.6116071431,13,16.900000000000002,6.664008000000001
2026-02-22 19:00:00,13.0,1.0,4.9923750097,14.2886596977,22.2023113762,0.6116071431,13,16.900000000000002,6.664008000000001
2026-02-22 20:00:00,13.0,1.0,4.9647726807999994,14.1128101051,23.1837631755,0.6116071431,13,16.900000000000002,6.664008000000001
2026-02-22 21:00:00,13.0,1.0,4.9952800497,14.8093247546,22.1996687439,0.6116071431,13,16.900000000000002,6.664008000000001
2026-02-22 22:00:00,13.0,1.0,4.9851623978,14.4597170317,22.1844790218,0.6116071431,13,16.900000000000002,6.664008000000001
2026-02-22 23:00:00,13.0,1.0,4.9968104204,14.3920999802,23.2233135763,0.6116071431,13,16.900000000000002,6.664008000000001
2026-02-23 00:00:00,13.0,1.0,5.0875406992,14.3749048159,22.2017378293,0.6116071431,13,16.900000000000002,6.664008000000001
2026-02-23 01:00:00,13.0,1.0,5.0139576243,15.0159809946,23.232575806,0.6116071431,13,16.900000000000002,6.664008000000001
2026-02-23 02:00:00,13.0,1.0,5.0162785351,14.3385759068,22.1979358724,0.6116071431,13,16.900000000000002,6.664008000000001
2026-02-23 03:00:00,13.0,1.0,4.9492089488,14.585492543099999,22.1931725531,0.6116071431,13,16.900000000000002,6.664008000000001
2026-02-23 04:00:00,13.0,1.0,5.0260916352,15.1966247834,22.20915866,0.6116071431,13,16.900000000000002,6.664008000000001
2026-02-23 05:00:00,13.0,1.0,4.982430188,14.840180289400001,22.2001216559,0.6116071431,13,16.900000000000002,6.664008000000001
2026-02-23 06:00:00,13.0,1.0,4.9935751677999995,13.9036511868,22.1943067815,0.6116071431,13,16.900000000000002,6.664008000000001
2026-02-23 07:00:00,13.0,1.0,4.9899053992999995,14.0408534545,22.2039754931,0.6116071431,13,16.900000000000002,6.664008000000001
2026-02-23 08:00:00,13.0,1.0,4.9645960191,14.238175075200001,22.2055251806,0.6116071431,13,16.900000000000002,6.664008000000001
2026-02-23 09:00:00,13.0,1.0,5.0083226459,14.6642157063,22.2294498991,0.6116071431,13,16.900000000000002,6.664008000000001
2026-02-23 10:00:00,13.0,1.0,4.9866310692999996,14.1287835321,23.2207598193,0.6116071431,13,16.900000000000002,6.664008000000001
2026-02-23 11:00:00,13.0,1.0,5.0081625944,15.129666531400002,22.2096070728,0.6116071431,13,16.900000000000002,6.664008000000001
2026-02-23 12:00:00,13.0,1.0,5.0011191042,15.197654978100001,22.2349761107,0.6116071431,13,16.900000000000002,6.664008000000001
2026-02-23 13:00:00,13.0,1.0,4.9839448975,14.3627787929,22.4834132826,0.6116071431,13,16.900000000000002,6.664008000000001
2026-02-23 14:00:00,13.0,1.0,4.9790988648,14.7268431454,23.2063552389,0.6116071431,13,16.900000000000002,6.664008000000001
2026-02-23 15:00:00,13.0,1.0,4.9840517528,14.3855356791,22.1986540428,0.6116071431,13,16.900000000000002,6.664008000000001
2026-02-23 16:00:00,13.0,1.0,5.0014902493,15.1760625465,22.2292820072,0.6116071431,13,16.900000000000002,6.664008000000001
2026-02-23 17:00:00,13.0,1.0,5.0004748711,14.4983221804,23.2057688319,0.6116071431,13,16.900000000000002,6.664008000000001
2026-02-23 18:00:00,13.0,1.0,4.9715032587,14.0200794767,22.1904949782,0.6116071431,13,16.900000000000002,6.664008000000001
2026-02-23 19:00:00,13.0,1.0,4.9835181217999995,14.3875603209,22.2086631064,0.6116071431,13,16.900000000000002,6.664008000000001
2026-02-23 20:00:00,13.0,1.0,4.9978594752,14.3234054378,23.2008822196,0.6116071431,13,16.900000000000002,6.664008000000001
2026-02-23 21:00:00,13.0,1.0,4.9833274065,14.0322749863,22.1939792292,0.6116071431,13,16.900000000000002,6.664008000000001
2026-02-23 22:00:00,13.0,1.0,5.0059580766,14.8831014492,22.2146759014,0.6116071431,13,16.900000000000002,6.664008000000001
2026-02-23 23:00:00,13.0,1.0,4.9828616418,14.5691835448,23.2108650392,0.6116071431,13,16.900000000000002,6.664008000000001
2026-02-24 00:00:00,13.0,1.0,5.1170350472,15.0839102715,22.2010883107,0.6116071431,13,16.900000000000002,6.664008000000001
2026-02-24 01:00:00,13.0,1.0,4.9889566042,15.222775415400001,23.2055851685,0.6116071431,13,16.900000000000002,6.664008000000001
2026-02-24 02:00:00,13.0,1.0,5.0153208198,15.223947129599999,22.195666795,0.6116071431,13,16.900000000000002,6.664008000000001
2026-02-24 03:00:00,13.0,1.0,5.0013040565,15.0546678927,22.2307512679,0.6116071431,13,16.900000000000002,6.664008000000001
2026-02-24 04:00:00,13.0,1.0,5.0380178438,15.651335962700001,22.2283509057,0.6116071431,13,16.900000000000002,6.664008000000001
2026-02-24 05:00:00,13.0,1.0,4.9472352583,13.908491980099999,22.1909346797,0.6116071431,13,16.900000000000002,6.664008000000001
2026-02-24 06:00:00,13.0,1.0,5.0014646063,14.4165028923,22.212057011,0.6116071431,13,16.900000000000002,6.664008000000001
2026-02-24 07:00:00,13.0,1.0,4.9874397116,14.3995149386,22.2165378108,0.6116071431,13,16.900000000000002,6.664008000000001
2026-02-24 08:00:00,13.0,1.0,5.0062931506,14.9038193366,22.2478193128,0.6116071431,13,16.900000000000002,6.664008000000001
2026-02-24 09:00:00,13.0,1.0,5.0071729226,15.079913940800001,22.2364611744,0.6116071431,13,16.900000000000002,6.664008000000001
2026-02-24 10:00:00,13.0,1.0,4.9834824633,14.7284778861,22.2305528668,0.6116071431,13,16.900000000000002,6.664008000000001
2026-02-24 11:00:00,13.0,1.0,5.0109064979,14.0704679764,22.235161819200002,0.6116071431,13,16.900000000000002,6.664008000000001
2026-02-24 12:00:00,13.0,1.0,4.994848038100001,14.5866029353,22.2359322319,0.6116071431,13,16.900000000000002,6.664008000000001
2026-02-24 13:00:00,13.0,1.0,5.0038847849,14.7810186093,22.2316749711,0.6116071431,13,16.900000000000002,6.664008000000001
2026-02-24 14:00:00,13.0,1.0,5.037568491,14.8912705741,23.2760754097,0.6116071431,13,16.900000000000002,6.664008000000001
2026-02-24 15:00:00,13.0,1.0,5.1030962244,15.62312244,22.3570575893,0.6116071431,13,16.900000000000002,6.664008000000001
2026-02-24 16:00:00,13.0,1.0,4.9984410526000005,15.3664836361,22.4592940665,0.6116071431,13,16.900000000000002,6.664008000000001
2026-02-24 17:00:00,13.0,1.0,4.9879126502,15.0430911964,22.3824894359,0.6116071431,13,16.900000000000002,6.664008000000001
2026-02-24 18:00:00,13.0,1.0,4.998197209100001,14.8647268364,22.3572549623,0.6116071431,13,16.900000000000002,6.664008000000001
2026-02-24 19:00:00,13.0,1.0,5.0057508368,15.3046757868,22.3497890356,0.6116071431,13,16.900000000000002,6.664008000000001
2026-02-24 20:00:00,13.0,1.0,4.9889441589,15.2601736925,23.7380020943,0.6116071431,13,16.900000000000002,6.664008000000001
2026-02-24 21:00:00,13.0,1.0,4.9703307692,14.9843728299,22.3228145928,0.6116071431,13,16.900000000000002,6.664008000000001
2026-02-24 22:00:00,13.0,1.0,4.9885717807,14.790189831600001,22.273420749,0.6116071431,13,16.900000000000002,6.664008000000001
2026-02-24 23:00:00,13.0,1.0,5.0193180302,15.0775964509,23.291459731,0.6116071431,13,16.900000000000002,6.664008000000001
2026-02-25 00:00:00,13.0,1.0,5.0782905249,15.042794432500001,22.2477244464,0.6116071431,13,16.900000000000002,6.664008000000001
2026-02-25 01:00:00,13.0,1.0,5.0141865117,15.073896014699999,23.277190247,0.6116071431,13,16.900000000000002,6.664008000000001
2026-02-25 02:00:00,13.0,1.0,5.0418615248,15.3687327767,22.271471021,0.6116071431,13,16.900000000000002,6.664008000000001
2026-02-25 03:00:00,13.0,1.0,4.9880844736,14.5729992704,22.2563819143,0.6116071431,13,16.900000000000002,6.664008000000001
2026-02-25 04:00:00,13.0,1.0,4.9876506915,14.6792460287,22.2755833748,0.6116071431,13,16.900000000000002,6.664008000000001
2026-02-25 05:00:00,13.0,1.0,5.0359366238,15.2023759391,22.2941779078,0.6116071431,13,16.900000000000002,6.664008000000001
2026-02-25 06:00:00,13.0,1.0,4.9971588505,15.0572175383,22.3130270425,0.6116071431,13,16.900000000000002,6.664008000000001
2026-02-25 07:00:00,13.0,1.0,4.9871301632,15.3036230385,22.3484629311,0.6116071431,13,16.900000000000002,6.664008000000001
2026-02-25 08:00:00,13.0,1.0,4.9929798646000005,14.763709047999999,22.3175493023,0.6116071431,13,16.900000000000002,6.664008000000001
2026-02-25 09:00:00,13.0,1.0,5.0016077813,14.8346962918,23.2824733005,0.6116071431,13,16.900000000000002,6.664008000000001
2026-02-25 10:00:00,13.0,1.0,4.985336653,14.0605755548,22.2845773248,0.6116071431,13,16.900000000000002,6.664008000000001
2026-02-25 11:00:00,13.0,1.0,4.9899529796,14.1739420147,21.7576638518,0.6116071431,13,16.900000000000002,6.664008000000001
2026-02-25 12:00:00,13.0,1.0,5.0769749656,14.655916018800001,21.2907341374,0.6116071431,13,16.900000000000002,6.664008000000001
2026-02-25 13:00:00,13.0,1.0,4.978286392999999,14.1373183727,21.2650471875,0.6116071431,13,16.900000000000002,6.664008000000001
2026-02-25 14:00:00,13.0,1.0,5.0075413976,15.3162676758,22.291583681,0.6116071431,13,16.900000000000002,6.664008000000001
2026-02-25 15:00:00,13.0,1.0,4.9911073409,14.9126564237,21.2753007496,0.6116071431,13,16.900000000000002,6.664008000000001
2026-02-25 16:00:00,13.0,1.0,5.0245850515,15.1587615019,21.3076294191,0.6116071431,13,16.900000000000002,6.664008000000001
2026-02-25 17:00:00,13.0,1.0,5.0457616709,14.0604666134,21.289726535299998,0.6116071431,13,16.900000000000002,6.664008000000001
2026-02-25 18:00:00,13.0,1.0,4.9974110639,14.1271807198,21.2739247115,0.6116071431,13,16.900000000000002,6.664008000000001
2026-02-25 19:00:00,13.0,1.0,4.9933380578,14.4430539774,21.279875529,0.6116071431,13,16.900000000000002,6.664008000000001
2026-02-25 20:00:00,13.0,1.0,5.0415920047,15.4192406228,22.301027183000002,0.6116071431,13,16.900000000000002,6.664008000000001
2026-02-25 21:00:00,13.0,1.0,4.9979373979999995,14.394169749,21.258766926,0.6116071431,13,16.900000000000002,6.664008000000001
2026-02-25 22:00:00,13.0,1.0,4.9945596857000005,14.6968173693,21.2623578082,0.6116071431,13,16.900000000000002,6.664008000000001
2026-02-25 23:00:00,13.0,1.0,4.9940816825,14.7171577088,22.2555966518,0.6116071431,13,16.900000000000002,6.664008000000001
2026-02-26 00:00:00,13.0,1.0,5.1150167407,15.4916620374,21.2643849634,0.6116071431,13,16.900000000000002,6.664008000000001
2026-02-26 01:00:00,13.0,1.0,5.0047805607,15.3469889305,22.2641285345,0.6116071431,13,16.900000000000002,6.664008000000001
2026-02-26 02:00:00,13.0,1.0,5.0194587065,15.0870432201,21.247724364,0.6116071431,13,16.900000000000002,6.664008000000001
2026-02-26 03:00:00,13.0,1.0,5.0141654741,14.9250506957,21.2761444052,0.6116071431,13,16.900000000000002,6.664008000000001
2026-02-26 04:00:00,13.0,1.0,5.0001894301,14.325262303899999,21.2731055579,0.6116071431,13,16.900000000000002,6.664008000000001
2026-02-26 05:00:00,13.0,1.0,4.9917877344,13.8588810406,21.2500954257,0.6116071431,13,16.900000000000002,6.664008000000001
2026-02-26 06:00:00,13.0,1.0,5.0002803961,14.6438863392,21.2781237217,0.6116071431,13,16.900000000000002,6.664008000000001
2026-02-26 07:00:00,13.0,1.0,5.017050812,14.4503642656,21.3000690055,0.6116071431,13,16.900000000000002,6.664008000000001
2026-02-26 08:00:00,13.0,1.0,5.0010754503,14.3986220754,21.2822293685,0.6116071431,13,16.900000000000002,6.664008000000001
2026-02-26 09:00:00,13.0,1.0,5.0093708001,14.9417891542,21.2962845484,0.6116071431,13,16.900000000000002,6.664008000000001
2026-02-26 10:00:00,13.0,1.0,5.0118796891,14.3691210466,21.3310922026,0.6116071431,13,16.900000000000002,6.664008000000001
2026-02-26 11:00:00,13.0,1.0,4.9881626442,14.825774483,21.2899231434,0.6116071431,13,16.900000000000002,6.664008000000001
2026-02-26 12:00:00,13.0,1.0,4.9572783457,13.7635016041,21.25091487,0.6116071431,13,16.900000000000002,6.664008000000001
2026-02-26 13:00:00,13.0,1.0,4.9850622294,14.6197242374,21.274595845,0.6116071431,13,16.900000000000002,6.664008000000001
2026-02-26 14:00:00,13.0,1.0,4.9829998184,14.9662825025,22.2710582038,0.6116071431,13,16.900000000000002,6.664008000000001
2026-02-26 15:00:00,13.0,1.0,4.9859633343,14.7701149303,21.2802912703,0.6116071431,13,16.900000000000002,6.664008000000001
2026-02-26 16:00:00,13.0,1.0,4.9873538911,13.8408424866,21.2736645379,0.6116071431,13,16.900000000000002,6.664008000000001
2026-02-26 17:00:00,13.0,1.0,4.9453828335,14.424909521,21.1312920683,0.6116071431,13,16.900000000000002,6.664008000000001
2026-02-26 18:00:00,13.0,1.0,4.9276917623,14.5246591466,20.2218811478,0.6116071431,13,16.900000000000002,6.664008000000001
2026-02-26 19:00:00,13.0,1.0,4.9241817733,14.204689184,20.2121598878,0.6116071431,13,16.900000000000002,6.664008000000001
2026-02-26 20:00:00,13.0,1.0,4.9903623788,14.9534843209,21.2333286466,0.6116071431,13,16.900000000000002,6.664008000000001
2026-02-26 21:00:00,13.0,1.0,5.0132815484,15.1063072696,20.237177594400002,0.6116071431,13,16.900000000000002,6.664008000000001
2026-02-26 22:00:00,13.0,1.0,4.9931516731,15.0457665305,20.2559489617,0.6116071431,13,16.900000000000002,6.664008000000001
2026-02-26 23:00:00,13.0,1.0,5.0086173154,14.8251272529,21.2536020378,0.6116071431,13,16.900000000000002,6.664008000000001
2026-02-27 00:00:00,13.0,1.0,5.0974919768,14.8207745722,20.2254716365,0.6116071431,13,16.900000000000002,6.664008000000001
2026-02-27 01:00:00,13.0,1.0,4.9656511052,14.435043658,21.209416175,0.6116071431,13,16.900000000000002,6.664008000000001
2026-02-27 02:00:00,13.0,1.0,5.0188562162,14.7815448698,20.217727296699998,0.6116071431,13,16.900000000000002,6.664008000000001
2026-02-27 03:00:00,13.0,1.0,4.9701623069,14.0739765604,20.2285312016,0.6116071431,13,16.900000000000002,6.664008000000001
2026-02-27 04:00:00,13.0,1.0,4.983048209,14.1230991237,20.2087567377,0.6116071431,13,16.900000000000002,6.664008000000001
2026-02-27 05:00:00,13.0,1.0,4.9686216684,14.109049537799999,20.2248986513,0.6116071431,13,16.900000000000002,6.664008000000001
2026-02-27 06:00:00,13.0,1.0,4.9983873674999995,14.7580827241,20.2475481176,0.6116071431,13,16.900000000000002,6.664008000000001
2026-02-27 07:00:00,13.0,1.0,4.9632338509,14.3505048531,20.2294323627,0.6116071431,13,16.900000000000002,6.664008000000001
2026-02-27 08:00:00,13.0,1.0,4.9737216597,14.0173634052,21.223815922,0.6116071431,13,16.900000000000002,6.664008000000001
2026-02-27 09:00:00,13.0,1.0,4.9808765166,15.0053050444,20.2547282952,0.6116071431,13,16.900000000000002,6.664008000000001
2026-02-27 10:00:00,13.0,1.0,4.9923753655,15.0361014459,20.2525490369,0.6116071431,13,16.900000000000002,6.664008000000001
2026-02-27 11:00:00,13.0,1.0,4.9734013351,14.8811271166,20.2521244632,0.6116071431,13,16.900000000000002,6.664008000000001
2026-02-27 12:00:00,13.0,1.0,5.0029728068,14.20605494,20.2511024607,0.6116071431,13,16.900000000000002,6.664008000000001
2026-02-27 13:00:00,13.0,1.0,4.9762525707,14.2265224505,20.2464128008,0.6116071431,13,16.900000000000002,6.664008000000001
2026-02-27 14:00:00,13.0,1.0,4.9967408311,14.8768349783,21.2497227629,0.6116071431,13,16.900000000000002,6.664008000000001
2026-02-27 15:00:00,13.0,1.0,4.9967538714,14.0175068019,20.2462716434,0.6116071431,13,16.900000000000002,6.664008000000001
2026-02-27 16:00:00,13.0,1.0,4.9914738089,15.238247063800001,20.2510811835,0.6116071431,13,16.900000000000002,6.664008000000001
2026-02-27 17:00:00,13.0,1.0,4.9861404123,14.717477005600001,20.2161963926,0.6116071431,13,16.900000000000002,6.664008000000001
2026-02-27 18:00:00,13.0,1.0,5.0026553692,14.3794006206,20.2211656458,0.6116071431,13,16.900000000000002,6.664008000000001
2026-02-27 19:00:00,13.0,1.0,4.9380602296,14.2865531438,20.2082666319,0.6116071431,13,16.900000000000002,6.664008000000001
2026-02-27 20:00:00,13.0,1.0,4.9840333937,14.8655423977,21.2238689165,0.6116071431,13,16.900000000000002,6.664008000000001
2026-02-27 21:00:00,13.0,1.0,4.9787367117,14.0332032192,20.2208805426,0.6116071431,13,16.900000000000002,6.664008000000001
2026-02-27 22:00:00,13.0,1.0,4.9758654563,13.834254854500001,20.2064734476,0.6116071431,13,16.900000000000002,6.664008000000001
2026-02-27 23:00:00,13.0,1.0,4.9794129143,14.548755316800001,21.2317869657,0.6116071431,13,16.900000000000002,6.664008000000001
2026-02-28 00:00:00,13.0,1.0,5.1217263564,14.7100303255,20.2428186581,0.6116071431,13,16.900000000000002,6.664008000000001
2026-02-28 01:00:00,13.0,1.0,4.9736596737,14.0787466749,21.2322407917,0.6116071431,13,16.900000000000002,6.664008000000001
2026-02-28 02:00:00,13.0,1.0,5.0247275727,14.4344331727,20.2321167543,0.6116071431,13,16.900000000000002,6.664008000000001
2026-02-28 03:00:00,13.0,1.0,4.9639649149,14.119101856,20.2057401321,0.6116071431,13,16.900000000000002,6.664008000000001
2026-02-28 04:00:00,13.0,1.0,4.947477982400001,14.4249954991,20.1990469858,0.6116071431,13,16.900000000000002,6.664008000000001
2026-02-28 05:00:00,13.0,1.0,4.971641866500001,14.4166628036,20.2170873985,0.6116071431,13,16.900000000000002,6.664008000000001
2026-02-28 06:00:00,13.0,1.0,4.9813531991,13.787265716,20.2263743441,0.6116071431,13,16.900000000000002,6.664008000000001
2026-02-28 07:00:00,13.0,1.0,4.9672283661000005,13.7749104483,20.210592726,0.6116071431,13,16.900000000000002,6.664008000000001
2026-02-28 08:00:00,13.0,1.0,4.9673794163,13.930776291,20.2031502,0.6116071431,13,16.900000000000002,6.664008000000001
2026-02-28 09:00:00,13.0,1.0,5.0119943097,14.655000254499999,20.2326893733,0.6116071431,13,16.900000000000002,6.664008000000001
2026-02-28 10:00:00,13.0,1.0,4.9746276569,15.1887644613,21.2336140509,0.6116071431,13,16.900000000000002,6.664008000000001
2026-02-28 11:00:00,13.0,1.0,4.9925988633,15.1194248624,20.2317566893,0.6116071431,13,16.900000000000002,6.664008000000001
2026-02-28 12:00:00,13.0,1.0,5.0137142278,15.3094254725,20.2512643628,0.6116071431,13,16.900000000000002,6.664008000000001
2026-02-28 13:00:00,13.0,1.0,4.9738379222999995,14.123278262,20.2116606111,0.6116071431,13,16.900000000000002,6.664008000000001
2026-02-28 14:00:00,13.0,1.0,4.9947146280000005,14.0539800683,21.2282632603,0.6116071431,13,16.900000000000002,6.664008000000001
2026-02-28 15:00:00,13.0,1.0,4.9721577018000005,14.5278306943,20.2321483934,0.6116071431,13,16.900000000000002,6.664008000000001
2026-02-28 16:00:00,13.0,1.0,4.9683986623,14.7944226192,20.2264949239,0.6116071431,13,16.900000000000002,6.664008000000001
2026-02-28 17:00:00,13.0,1.0,5.0013924669,14.4446569896,20.2324099851,0.6116071431,13,16.900000000000002,6.664008000000001
2026-02-28 18:00:00,13.0,1.0,4.9922561133,14.6482307366,20.2372954956,0.6116071431,13,16.900000000000002,6.664008000000001
2026-02-28 19:00:00,13.0,1.0,4.938178843799999,14.30762938,20.1935763442,0.6116071431,13,16.900000000000002,6.664008000000001
2026-02-28 20:00:00,13.0,1.0,4.9868714837,14.5814692316,21.223913441,0.6116071431,13,16.900000000000002,6.664008000000001
2026-02-28 21:00:00,13.0,1.0,4.9683568561,14.4228843464,20.2290590353,0.6116071431,13,16.900000000000002,6.664008000000001
2026-02-28 22:00:00,13.0,1.0,4.9878911786,14.0955082333,20.2338184041,0.6116071431,13,16.900000000000002,6.664008000000001
2026-02-28 23:00:00,13.0,1.0,4.9587255223,14.7504790003,21.2348472893,0.6116071431,13,16.900000000000002,6.664008000000001
